topic,class
iOS,negative
iOS,negative
iOS,negative
iOS,negative
iOS,negative
iOS,negative
iOS,negative
iOS,negative
iOS,negative
iOS,negative
iOS,negative
iOS,negative
iOS,negative
iOS,negative
iOS,negative
iOS,negative
iOS,negative
iOS,negative
iOS,negative
iOS,negative
iOS,negative
iOS,negative
iOS,negative
iOS,negative
iOS,negative
iOS,negative
iOS,negative
iOS,negative
iOS,negative
iOS,negative
iOS,negative
iOS,negative
iOS,negative
iOS,negative
iOS,negative
iOS,negative
BlackBerry,negative
BlackBerry,negative
BlackBerry,negative
BlackBerry,negative
BlackBerry,negative
BlackBerry,negative
BlackBerry,negative
BlackBerry,negative
BlackBerry,negative
BlackBerry,negative
BlackBerry,negative
BlackBerry,negative
BlackBerry,negative
BlackBerry,negative
BlackBerry,negative
BlackBerry,negative
BlackBerry,negative
BlackBerry,negative
BlackBerry,negative
BlackBerry,negative
BlackBerry,negative
BlackBerry,negative
BlackBerry,negative
BlackBerry,negative
BlackBerry,negative
BlackBerry,negative
BlackBerry,negative
BlackBerry,negative
BlackBerry,negative
BlackBerry,negative
BlackBerry,negative
BlackBerry,negative
BlackBerry,negative
BlackBerry,negative
BlackBerry,negative
BlackBerry,negative
BlackBerry,negative
BlackBerry,negative
BlackBerry,negative
BlackBerry,negative
BlackBerry,negative
BlackBerry,negative
BlackBerry,negative
BlackBerry,negative
BlackBerry,negative
BlackBerry,negative
BlackBerry,negative
BlackBerry,negative
BlackBerry,negative
BlackBerry,negative
BlackBerry,negative
BlackBerry,negative
BlackBerry,negative
BlackBerry,negative
BlackBerry,negative
BlackBerry,negative
BlackBerry,negative
BlackBerry,negative
BlackBerry,negative
BlackBerry,negative
BlackBerry,negative
BlackBerry,negative
BlackBerry,negative
BlackBerry,negative
BlackBerry,negative
BlackBerry,negative
BlackBerry,negative
BlackBerry,negative
BlackBerry,negative
BlackBerry,negative
BlackBerry,negative
BlackBerry,negative
BlackBerry,negative
BlackBerry,negative
BlackBerry,negative
BlackBerry,negative
BlackBerry,negative
BlackBerry,negative
BlackBerry,negative
BlackBerry,negative
BlackBerry,negative
BlackBerry,negative
BlackBerry,negative
BlackBerry,negative
BlackBerry,negative
BlackBerry,negative
BlackBerry,negative
BlackBerry,negative
BlackBerry,negative
BlackBerry,negative
BlackBerry,negative
BlackBerry,negative
BlackBerry,negative
BlackBerry,negative
BlackBerry,negative
BlackBerry,negative
BlackBerry,negative
BlackBerry,negative
BlackBerry,negative
BlackBerry,negative
BlackBerry,negative
BlackBerry,negative
BlackBerry,negative
BlackBerry,negative
BlackBerry,negative
BlackBerry,negative
BlackBerry,negative
BlackBerry,negative
BlackBerry,negative
BlackBerry,negative
BlackBerry,negative
BlackBerry,negative
BlackBerry,negative
BlackBerry,negative
BlackBerry,negative
BlackBerry,negative
BlackBerry,negative
BlackBerry,negative
BlackBerry,negative
BlackBerry,negative
BlackBerry,negative
BlackBerry,negative
BlackBerry,negative
BlackBerry,negative
BlackBerry,negative
BlackBerry,negative
BlackBerry,negative
BlackBerry,negative
BlackBerry,negative
BlackBerry,negative
BlackBerry,negative
BlackBerry,negative
BlackBerry,negative
BlackBerry,negative
BlackBerry,negative
BlackBerry,negative
BlackBerry,negative
BlackBerry,negative
BlackBerry,negative
BlackBerry,negative
BlackBerry,negative
BlackBerry,negative
BlackBerry,negative
BlackBerry,negative
BlackBerry,negative
BlackBerry,negative
BlackBerry,negative
BlackBerry,negative
BlackBerry,negative
BlackBerry,negative
BlackBerry,negative
BlackBerry,negative
BlackBerry,negative
BlackBerry,negative
BlackBerry,negative
BlackBerry,negative
BlackBerry,negative
BlackBerry,negative
BlackBerry,negative
BlackBerry,negative
BlackBerry,negative
BlackBerry,negative
BlackBerry,negative
BlackBerry,negative
BlackBerry,negative
BlackBerry,negative
BlackBerry,negative
BlackBerry,negative
BlackBerry,negative
BlackBerry,negative
BlackBerry,negative
BlackBerry,negative
BlackBerry,negative
BlackBerry,negative
BlackBerry,negative
BlackBerry,negative
BlackBerry,negative
BlackBerry,negative
BlackBerry,negative
BlackBerry,negative
BlackBerry,negative
BlackBerry,negative
BlackBerry,negative
BlackBerry,negative
BlackBerry,negative
BlackBerry,negative
BlackBerry,negative
BlackBerry,negative
BlackBerry,negative
BlackBerry,negative
BlackBerry,negative
BlackBerry,negative
BlackBerry,negative
BlackBerry,negative
BlackBerry,negative
BlackBerry,negative
Android,negative
Android,negative
Android,negative
Android,negative
Android,negative
Android,negative
Android,negative
Android,negative
Android,negative
Android,negative
Android,negative
Android,negative
Android,negative
Android,negative
Android,negative
Android,negative
Android,negative
Android,negative
Android,negative
Android,negative
Android,negative
Android,negative
Android,negative
Android,negative
Android,negative
Android,negative
Android,negative
Android,negative
Android,negative
Android,negative
Android,negative
Android,negative
Android,negative
Android,negative
Android,negative
Android,negative
Android,negative
Android,negative
Android,negative
Android,negative
Android,negative
Android,negative
Android,negative
Android,negative
Android,negative
Android,negative
Android,negative
Android,negative
Android,negative
Android,negative
Android,negative
Android,negative
Android,negative
Android,negative
Android,negative
Android,negative
Android,negative
Android,negative
Android,negative
Android,negative
Android,negative
Android,negative
Android,negative
Android,negative
Android,negative
Android,negative
Android,negative
Android,negative
Android,negative
Android,negative
Android,negative
Android,negative
Android,negative
Android,negative
Android,negative
Android,negative
Android,negative
Android,negative
Android,negative
Android,negative
Android,negative
Android,negative
Android,negative
Android,negative
Android,negative
Android,negative
Android,negative
Android,negative
Android,negative
Android,negative
Android,negative
Android,negative
Android,negative
Android,negative
Android,negative
Android,negative
Android,negative
Android,negative
Android,negative
Android,negative
Android,negative
Android,negative
Android,negative
Android,negative
Android,negative
Android,negative
Android,negative
Android,negative
Android,negative
Android,negative
Android,negative
Android,negative
Android,negative
Android,negative
Android,negative
Android,negative
Android,negative
Android,negative
Android,negative
Android,negative
Android,negative
Android,negative
Android,negative
Android,negative
Android,negative
Android,negative
Android,negative
Android,negative
Android,negative
Android,negative
Android,negative
Android,negative
Android,negative
Android,negative
Android,negative
Android,negative
Android,negative
Android,negative
Android,negative
Android,negative
Android,negative
Android,negative
Android,negative
Android,negative
Android,negative
Android,negative
Android,negative
Android,negative
Android,negative
Android,negative
Android,negative
Android,negative
Android,negative
Android,negative
Android,negative
Android,negative
Android,negative
Android,negative
Android,negative
Android,negative
Android,negative
Android,negative
Android,negative
Android,negative
Android,negative
Android,negative
Android,negative
Android,negative
Android,negative
Android,negative
Android,negative
Android,negative
Android,negative
Android,negative
Android,negative
Android,negative
Android,negative
Android,negative
Android,negative
Android,negative
Android,negative
Android,negative
Android,negative
Android,negative
Android,negative
Android,negative
Android,negative
Android,negative
Android,negative
Android,negative
Android,negative
Android,negative
Android,negative
Android,negative
Android,negative
Android,negative
Android,negative
Android,negative
Android,negative
Android,negative
Android,negative
Android,negative
Android,negative
Android,negative
Android,negative
Android,negative
Android,negative
Android,negative
Android,negative
Android,negative
Android,negative
Android,negative
Android,negative
Android,negative
Android,negative
Android,negative
Android,negative
Android,negative
Android,negative
Android,negative
Android,negative
Android,negative
Android,negative
Android,negative
Android,negative
Android,negative
Android,negative
Android,negative
Android,negative
Android,negative
Android,negative
Android,negative
Android,negative
Android,negative
Android,negative
Android,negative
Android,negative
Android,negative
Android,negative
Android,negative
Android,negative
Android,negative
Android,negative
Android,negative
Android,negative
Android,negative
Android,negative
Android,negative
Android,negative
Android,negative
Android,negative
Android,negative
Android,negative
Android,negative
Android,negative
Android,negative
Android,negative
Android,negative
Android,negative
Android,negative
Android,negative
Android,negative
Android,negative
Android,negative
Android,negative
Android,negative
Android,negative
Android,negative
Android,negative
Android,negative
Android,negative
Android,negative
Android,negative
Android,negative
Android,negative
Android,negative
Android,negative
Android,negative
Android,negative
Android,negative
Android,negative
Android,negative
Android,negative
Android,negative
Android,negative
Android,negative
Android,negative
Android,negative
Android,negative
Android,negative
Android,negative
Android,negative
Android,negative
Android,negative
Android,negative
Android,negative
Android,negative
Android,negative
Android,negative
Android,negative
Android,negative
Android,negative
Android,negative
Android,negative
Android,negative
Android,negative
Android,negative
Android,negative
Android,negative
Android,negative
Android,negative
Android,negative
Android,negative
Android,negative
Android,negative
Android,negative
Android,negative
Android,negative
Android,negative
Android,negative
Android,negative
Android,negative
Android,negative
Android,negative
Android,negative
Android,negative
Android,negative
Android,negative
Android,negative
Android,negative
Android,negative
Android,negative
Android,negative
Android,negative
Android,negative
Android,negative
Android,negative
Android,negative
Android,negative
Android,negative
Android,negative
Android,negative
Android,negative
Android,negative
Android,negative
Android,negative
Android,negative
Android,negative
Android,negative
Android,negative
Android,negative
Android,negative
Android,negative
Android,negative
Android,negative
Android,negative
Android,negative
Android,negative
Android,negative
Android,negative
Android,negative
Android,negative
Android,negative
Android,negative
Android,negative
Android,negative
Android,negative
Android,negative
Android,negative
Android,negative
Android,negative
Android,negative
Android,negative
Android,negative
Android,negative
Android,negative
Android,negative
Android,negative
Android,negative
Android,negative
Android,negative
Android,negative
Android,negative
Android,negative
Android,negative
Android,negative
Android,negative
Android,negative
Android,negative
Android,negative
Android,negative
Android,negative
Android,negative
Android,negative
Android,negative
Android,negative
Android,negative
Android,negative
Android,negative
Android,negative
Android,negative
Android,negative
Android,negative
Android,negative
Android,negative
Android,negative
Android,negative
Android,negative
Android,negative
Android,negative
Android,negative
Android,negative
Android,negative
Android,negative
Android,negative
Android,negative
Android,negative
Android,negative
Android,negative
Android,negative
Android,negative
Android,negative
Android,negative
Android,negative
Android,negative
Android,negative
Android,negative
Android,negative
Android,negative
Android,negative
Android,negative
Android,negative
Android,negative
Android,negative
Android,negative
Android,negative
Android,negative
Android,negative
Android,negative
Android,negative
Android,negative
Android,negative
Android,negative
Android,negative
Android,negative
Android,negative
Android,negative
Android,negative
Android,negative
Android,negative
Android,negative
Android,negative
Android,negative
Android,negative
Android,negative
Android,negative
Android,negative
Android,negative
Android,negative
Android,negative
Android,negative
Android,negative
Android,negative
Android,negative
Android,negative
Android,negative
Android,negative
Android,negative
Android,negative
Android,negative
Android,negative
Android,negative
Android,negative
Android,negative
Android,negative
Android,negative
Android,negative
Android,negative
Android,negative
Android,negative
Android,negative
Android,negative
Android,negative
Android,negative
Android,negative
Android,negative
Android,negative
Android,negative
Android,negative
Android,negative
Android,negative
Android,negative
Android,negative
Android,negative
Android,negative
Android,negative
Android,negative
Android,negative
Android,negative
Android,negative
Android,negative
Android,negative
Android,negative
Android,negative
Android,negative
Android,negative
Android,negative
Android,negative
Android,negative
Android,negative
Android,negative
Android,negative
Android,negative
Android,negative
Android,negative
Android,negative
Android,negative
Android,negative
Android,negative
Android,negative
Android,negative
Android,negative
Android,negative
Android,negative
Android,negative
Android,negative
Android,negative
Android,negative
Android,negative
Android,negative
Android,negative
Android,negative
Android,negative
Android,negative
Android,negative
Android,negative
Android,negative
Android,negative
Android,negative
Android,negative
Android,negative
Android,negative
Android,negative
Android,negative
Android,negative
Android,negative
Android,negative
Android,negative
Android,negative
Android,negative
Android,negative
Android,negative
Android,negative
Android,negative
Android,negative
Android,negative
Android,negative
Android,negative
iOS,neutral
iOS,neutral
iOS,neutral
iOS,neutral
iOS,neutral
iOS,neutral
iOS,neutral
iOS,neutral
iOS,neutral
iOS,neutral
iOS,neutral
iOS,neutral
iOS,neutral
iOS,neutral
iOS,neutral
iOS,neutral
BlackBerry,neutral
BlackBerry,neutral
BlackBerry,neutral
BlackBerry,neutral
BlackBerry,neutral
BlackBerry,neutral
BlackBerry,neutral
BlackBerry,neutral
BlackBerry,neutral
BlackBerry,neutral
BlackBerry,neutral
BlackBerry,neutral
BlackBerry,neutral
BlackBerry,neutral
BlackBerry,neutral
BlackBerry,neutral
BlackBerry,neutral
BlackBerry,neutral
BlackBerry,neutral
BlackBerry,neutral
BlackBerry,neutral
BlackBerry,neutral
BlackBerry,neutral
BlackBerry,neutral
BlackBerry,neutral
BlackBerry,neutral
BlackBerry,neutral
BlackBerry,neutral
BlackBerry,neutral
BlackBerry,neutral
BlackBerry,neutral
BlackBerry,neutral
BlackBerry,neutral
BlackBerry,neutral
BlackBerry,neutral
BlackBerry,neutral
BlackBerry,neutral
BlackBerry,neutral
BlackBerry,neutral
BlackBerry,neutral
BlackBerry,neutral
BlackBerry,neutral
BlackBerry,neutral
BlackBerry,neutral
BlackBerry,neutral
BlackBerry,neutral
BlackBerry,neutral
BlackBerry,neutral
BlackBerry,neutral
BlackBerry,neutral
BlackBerry,neutral
BlackBerry,neutral
BlackBerry,neutral
BlackBerry,neutral
BlackBerry,neutral
BlackBerry,neutral
BlackBerry,neutral
BlackBerry,neutral
BlackBerry,neutral
BlackBerry,neutral
BlackBerry,neutral
BlackBerry,neutral
BlackBerry,neutral
BlackBerry,neutral
BlackBerry,neutral
BlackBerry,neutral
BlackBerry,neutral
BlackBerry,neutral
BlackBerry,neutral
BlackBerry,neutral
BlackBerry,neutral
BlackBerry,neutral
BlackBerry,neutral
BlackBerry,neutral
BlackBerry,neutral
BlackBerry,neutral
BlackBerry,neutral
BlackBerry,neutral
BlackBerry,neutral
BlackBerry,neutral
BlackBerry,neutral
BlackBerry,neutral
BlackBerry,neutral
BlackBerry,neutral
BlackBerry,neutral
BlackBerry,neutral
BlackBerry,neutral
BlackBerry,neutral
BlackBerry,neutral
BlackBerry,neutral
BlackBerry,neutral
BlackBerry,neutral
BlackBerry,neutral
BlackBerry,neutral
BlackBerry,neutral
BlackBerry,neutral
BlackBerry,neutral
BlackBerry,neutral
BlackBerry,neutral
BlackBerry,neutral
BlackBerry,neutral
BlackBerry,neutral
BlackBerry,neutral
BlackBerry,neutral
BlackBerry,neutral
BlackBerry,neutral
BlackBerry,neutral
BlackBerry,neutral
BlackBerry,neutral
BlackBerry,neutral
BlackBerry,neutral
BlackBerry,neutral
BlackBerry,neutral
BlackBerry,neutral
BlackBerry,neutral
BlackBerry,neutral
BlackBerry,neutral
BlackBerry,neutral
BlackBerry,neutral
BlackBerry,neutral
BlackBerry,neutral
BlackBerry,neutral
BlackBerry,neutral
BlackBerry,neutral
BlackBerry,neutral
BlackBerry,neutral
BlackBerry,neutral
BlackBerry,neutral
BlackBerry,neutral
BlackBerry,neutral
BlackBerry,neutral
BlackBerry,neutral
BlackBerry,neutral
BlackBerry,neutral
BlackBerry,neutral
BlackBerry,neutral
BlackBerry,neutral
BlackBerry,neutral
BlackBerry,neutral
BlackBerry,neutral
BlackBerry,neutral
BlackBerry,neutral
BlackBerry,neutral
BlackBerry,neutral
BlackBerry,neutral
BlackBerry,neutral
BlackBerry,neutral
BlackBerry,neutral
BlackBerry,neutral
BlackBerry,neutral
BlackBerry,neutral
BlackBerry,neutral
BlackBerry,neutral
BlackBerry,neutral
BlackBerry,neutral
BlackBerry,neutral
BlackBerry,neutral
BlackBerry,neutral
BlackBerry,neutral
BlackBerry,neutral
BlackBerry,neutral
BlackBerry,neutral
BlackBerry,neutral
BlackBerry,neutral
BlackBerry,neutral
BlackBerry,neutral
BlackBerry,neutral
BlackBerry,neutral
BlackBerry,neutral
BlackBerry,neutral
BlackBerry,neutral
BlackBerry,neutral
BlackBerry,neutral
BlackBerry,neutral
BlackBerry,neutral
BlackBerry,neutral
BlackBerry,neutral
BlackBerry,neutral
BlackBerry,neutral
BlackBerry,neutral
BlackBerry,neutral
BlackBerry,neutral
BlackBerry,neutral
BlackBerry,neutral
BlackBerry,neutral
BlackBerry,neutral
BlackBerry,neutral
BlackBerry,neutral
BlackBerry,neutral
BlackBerry,neutral
BlackBerry,neutral
BlackBerry,neutral
BlackBerry,neutral
BlackBerry,neutral
BlackBerry,neutral
BlackBerry,neutral
BlackBerry,neutral
BlackBerry,neutral
BlackBerry,neutral
BlackBerry,neutral
BlackBerry,neutral
BlackBerry,neutral
BlackBerry,neutral
BlackBerry,neutral
BlackBerry,neutral
BlackBerry,neutral
BlackBerry,neutral
BlackBerry,neutral
BlackBerry,neutral
BlackBerry,neutral
BlackBerry,neutral
BlackBerry,neutral
BlackBerry,neutral
BlackBerry,neutral
BlackBerry,neutral
BlackBerry,neutral
BlackBerry,neutral
BlackBerry,neutral
BlackBerry,neutral
BlackBerry,neutral
BlackBerry,neutral
BlackBerry,neutral
BlackBerry,neutral
BlackBerry,neutral
BlackBerry,neutral
BlackBerry,neutral
BlackBerry,neutral
BlackBerry,neutral
BlackBerry,neutral
BlackBerry,neutral
BlackBerry,neutral
BlackBerry,neutral
BlackBerry,neutral
BlackBerry,neutral
BlackBerry,neutral
BlackBerry,neutral
BlackBerry,neutral
BlackBerry,neutral
BlackBerry,neutral
BlackBerry,neutral
BlackBerry,neutral
BlackBerry,neutral
BlackBerry,neutral
BlackBerry,neutral
BlackBerry,neutral
BlackBerry,neutral
BlackBerry,neutral
BlackBerry,neutral
BlackBerry,neutral
BlackBerry,neutral
BlackBerry,neutral
BlackBerry,neutral
BlackBerry,neutral
BlackBerry,neutral
BlackBerry,neutral
BlackBerry,neutral
BlackBerry,neutral
BlackBerry,neutral
BlackBerry,neutral
BlackBerry,neutral
BlackBerry,neutral
BlackBerry,neutral
BlackBerry,neutral
BlackBerry,neutral
BlackBerry,neutral
BlackBerry,neutral
BlackBerry,neutral
BlackBerry,neutral
BlackBerry,neutral
BlackBerry,neutral
BlackBerry,neutral
BlackBerry,neutral
BlackBerry,neutral
BlackBerry,neutral
BlackBerry,neutral
BlackBerry,neutral
BlackBerry,neutral
BlackBerry,neutral
BlackBerry,neutral
BlackBerry,neutral
BlackBerry,neutral
BlackBerry,neutral
BlackBerry,neutral
BlackBerry,neutral
BlackBerry,neutral
BlackBerry,neutral
BlackBerry,neutral
BlackBerry,neutral
BlackBerry,neutral
BlackBerry,neutral
BlackBerry,neutral
BlackBerry,neutral
BlackBerry,neutral
BlackBerry,neutral
BlackBerry,neutral
BlackBerry,neutral
Android,neutral
Android,neutral
Android,neutral
Android,neutral
Android,neutral
Android,neutral
Android,neutral
Android,neutral
Android,neutral
Android,neutral
Android,neutral
Android,neutral
Android,neutral
Android,neutral
Android,neutral
Android,neutral
Android,neutral
Android,neutral
Android,neutral
Android,neutral
Android,neutral
Android,neutral
Android,neutral
Android,neutral
Android,neutral
Android,neutral
Android,neutral
Android,neutral
Android,neutral
Android,neutral
Android,neutral
Android,neutral
Android,neutral
Android,neutral
Android,neutral
Android,neutral
Android,neutral
Android,neutral
Android,neutral
Android,neutral
Android,neutral
Android,neutral
Android,neutral
Android,neutral
Android,neutral
Android,neutral
Android,neutral
Android,neutral
Android,neutral
Android,neutral
Android,neutral
Android,neutral
Android,neutral
Android,neutral
Android,neutral
Android,neutral
Android,neutral
Android,neutral
Android,neutral
Android,neutral
Android,neutral
Android,neutral
Android,neutral
Android,neutral
Android,neutral
Android,neutral
Android,neutral
Android,neutral
Android,neutral
Android,neutral
Android,neutral
Android,neutral
Android,neutral
Android,neutral
Android,neutral
Android,neutral
Android,neutral
Android,neutral
Android,neutral
Android,neutral
Android,neutral
Android,neutral
Android,neutral
Android,neutral
Android,neutral
Android,neutral
Android,neutral
Android,neutral
Android,neutral
Android,neutral
Android,neutral
Android,neutral
Android,neutral
Android,neutral
Android,neutral
Android,neutral
Android,neutral
Android,neutral
Android,neutral
Android,neutral
Android,neutral
Android,neutral
Android,neutral
Android,neutral
Android,neutral
Android,neutral
Android,neutral
Android,neutral
Android,neutral
Android,neutral
Android,neutral
Android,neutral
Android,neutral
Android,neutral
Android,neutral
Android,neutral
Android,neutral
Android,neutral
Android,neutral
Android,neutral
Android,neutral
Android,neutral
Android,neutral
Android,neutral
Android,neutral
Android,neutral
Android,neutral
Android,neutral
Android,neutral
Android,neutral
Android,neutral
Android,neutral
Android,neutral
Android,neutral
Android,neutral
Android,neutral
Android,neutral
Android,neutral
Android,neutral
Android,neutral
Android,neutral
Android,neutral
Android,neutral
Android,neutral
Android,neutral
Android,neutral
Android,neutral
Android,neutral
Android,neutral
Android,neutral
Android,neutral
Android,neutral
Android,neutral
Android,neutral
Android,neutral
Android,neutral
Android,neutral
Android,neutral
Android,neutral
Android,neutral
Android,neutral
Android,neutral
Android,neutral
Android,neutral
Android,neutral
Android,neutral
Android,neutral
Android,neutral
Android,neutral
Android,neutral
Android,neutral
Android,neutral
Android,neutral
Android,neutral
Android,neutral
Android,neutral
Android,neutral
Android,neutral
Android,neutral
Android,neutral
Android,neutral
Android,neutral
Android,neutral
Android,neutral
Android,neutral
Android,neutral
Android,neutral
Android,neutral
Android,neutral
Android,neutral
Android,neutral
Android,neutral
Android,neutral
Android,neutral
Android,neutral
Android,neutral
Android,neutral
Android,neutral
Android,neutral
Android,neutral
Android,neutral
Android,neutral
Android,neutral
Android,neutral
Android,neutral
Android,neutral
Android,neutral
Android,neutral
Android,neutral
Android,neutral
Android,neutral
Android,neutral
Android,neutral
Android,neutral
Android,neutral
Android,neutral
Android,neutral
Android,neutral
Android,neutral
Android,neutral
Android,neutral
Android,neutral
Android,neutral
Android,neutral
Android,neutral
Android,neutral
Android,neutral
Android,neutral
Android,neutral
Android,neutral
Android,neutral
Android,neutral
Android,neutral
Android,neutral
Android,neutral
Android,neutral
Android,neutral
Android,neutral
Android,neutral
Android,neutral
Android,neutral
Android,neutral
Android,neutral
Android,neutral
Android,neutral
Android,neutral
Android,neutral
Android,neutral
Android,neutral
Android,neutral
Android,neutral
Android,neutral
Android,neutral
Android,neutral
Android,neutral
Android,neutral
Android,neutral
Android,neutral
Android,neutral
Android,neutral
Android,neutral
Android,neutral
Android,neutral
Android,neutral
Android,neutral
Android,neutral
Android,neutral
Android,neutral
Android,neutral
Android,neutral
Android,neutral
Android,neutral
Android,neutral
Android,neutral
Android,neutral
Android,neutral
Android,neutral
Android,neutral
Android,neutral
Android,neutral
Android,neutral
Android,neutral
Android,neutral
Android,neutral
Android,neutral
Android,neutral
Android,neutral
Android,neutral
Android,neutral
Android,neutral
Android,neutral
Android,neutral
Android,neutral
Android,neutral
Android,neutral
Android,neutral
Android,neutral
Android,neutral
Android,neutral
Android,neutral
Android,neutral
Android,neutral
Android,neutral
Android,neutral
Android,neutral
Android,neutral
Android,neutral
Android,neutral
Android,neutral
Android,neutral
Android,neutral
Android,neutral
Android,neutral
Android,neutral
Android,neutral
Android,neutral
Android,neutral
Android,neutral
Android,neutral
Android,neutral
Android,neutral
Android,neutral
Android,neutral
Android,neutral
Android,neutral
Android,neutral
Android,neutral
Android,neutral
Android,neutral
Android,neutral
Android,neutral
Android,neutral
Android,neutral
Android,neutral
Android,neutral
Android,neutral
Android,neutral
Android,neutral
Android,neutral
Android,neutral
Android,neutral
Android,neutral
Android,neutral
Android,neutral
Android,neutral
Android,neutral
Android,neutral
Android,neutral
Android,neutral
Android,neutral
Android,neutral
Android,neutral
Android,neutral
Android,neutral
Android,neutral
Android,neutral
Android,neutral
Android,neutral
Android,neutral
Android,neutral
Android,neutral
Android,neutral
Android,neutral
Android,neutral
Android,neutral
Android,neutral
Android,neutral
Android,neutral
Android,neutral
Android,neutral
Android,neutral
Android,neutral
Android,neutral
Android,neutral
Android,neutral
Android,neutral
Android,neutral
Android,neutral
Android,neutral
Android,neutral
Android,neutral
Android,neutral
Android,neutral
Android,neutral
Android,neutral
Android,neutral
Android,neutral
Android,neutral
Android,neutral
Android,neutral
Android,neutral
Android,neutral
Android,neutral
Android,neutral
Android,neutral
Android,neutral
Android,neutral
Android,neutral
Android,neutral
Android,neutral
Android,neutral
Android,neutral
Android,neutral
Android,neutral
Android,neutral
Android,neutral
Android,neutral
Android,neutral
Android,neutral
Android,neutral
Android,neutral
Android,neutral
Android,neutral
Android,neutral
Android,neutral
Android,neutral
Android,neutral
Android,neutral
Android,neutral
Android,neutral
Android,neutral
Android,neutral
Android,neutral
Android,neutral
Android,neutral
Android,neutral
Android,neutral
Android,neutral
Android,neutral
Android,neutral
Android,neutral
Android,neutral
Android,neutral
Android,neutral
Android,neutral
Android,neutral
Android,neutral
Android,neutral
Android,neutral
Android,neutral
Android,neutral
Android,neutral
Android,neutral
Android,neutral
Android,neutral
Android,neutral
Android,neutral
Android,neutral
Android,neutral
Android,neutral
Android,neutral
Android,neutral
Android,neutral
Android,neutral
Android,neutral
Android,neutral
Android,neutral
Android,neutral
Android,neutral
Android,neutral
Android,neutral
Android,neutral
Android,neutral
Android,neutral
Android,neutral
Android,neutral
Android,neutral
Android,neutral
Android,neutral
Android,neutral
Android,neutral
Android,neutral
Android,neutral
Android,neutral
Android,neutral
Android,neutral
Android,neutral
Android,neutral
Android,neutral
Android,neutral
Android,neutral
Android,neutral
Android,neutral
Android,neutral
Android,neutral
Android,neutral
Android,neutral
Android,neutral
Android,neutral
Android,neutral
Android,neutral
Android,neutral
Android,neutral
Android,neutral
Android,neutral
Android,neutral
Android,neutral
Android,neutral
Android,neutral
Android,neutral
Android,neutral
Android,neutral
Android,neutral
Android,neutral
Android,neutral
Android,neutral
Android,neutral
Android,neutral
Android,neutral
Android,neutral
Android,neutral
Android,neutral
Android,neutral
Android,neutral
Android,neutral
Android,neutral
Android,neutral
Android,neutral
Android,neutral
Android,neutral
Android,neutral
Android,neutral
Android,neutral
Android,neutral
Android,neutral
Android,neutral
Android,neutral
Android,neutral
Android,neutral
Android,neutral
Android,neutral
Android,neutral
Android,neutral
Android,neutral
Android,neutral
Android,neutral
Android,neutral
Android,neutral
Android,neutral
Android,neutral
Android,neutral
Android,neutral
Android,neutral
Android,neutral
Android,neutral
Android,neutral
Android,neutral
Android,neutral
Android,neutral
Android,neutral
Android,neutral
Android,neutral
Android,neutral
Android,neutral
Android,neutral
Android,neutral
Android,neutral
Android,neutral
Android,neutral
Android,neutral
Android,neutral
Android,neutral
Android,neutral
Android,neutral
Android,neutral
Android,neutral
Android,neutral
Android,neutral
Android,neutral
Android,neutral
Android,neutral
Android,neutral
Android,neutral
Android,neutral
Android,neutral
Android,neutral
Android,neutral
Android,neutral
Android,neutral
Android,neutral
Android,neutral
Android,neutral
Android,neutral
Android,neutral
Android,neutral
Android,neutral
Android,neutral
Android,neutral
Android,neutral
Android,neutral
Android,neutral
Android,neutral
Android,neutral
Android,neutral
Android,neutral
Android,neutral
Android,neutral
Android,neutral
Android,neutral
Android,neutral
Android,neutral
Android,neutral
Android,neutral
Android,neutral
Android,neutral
Android,neutral
Android,neutral
Android,neutral
Android,neutral
Android,neutral
Android,neutral
Android,neutral
Android,neutral
Android,neutral
Android,neutral
Android,neutral
Android,neutral
Android,neutral
Android,neutral
Android,neutral
Android,neutral
Android,neutral
Android,neutral
Android,neutral
Android,neutral
Android,neutral
Android,neutral
Android,neutral
Android,neutral
Android,neutral
Android,neutral
Android,neutral
Android,neutral
Android,neutral
Android,neutral
Android,neutral
Android,neutral
Android,neutral
Android,neutral
Android,neutral
Android,neutral
Android,neutral
Android,neutral
Android,neutral
Android,neutral
Android,neutral
Android,neutral
Android,neutral
Android,neutral
Android,neutral
Android,neutral
Android,neutral
Android,neutral
Android,neutral
Android,neutral
Android,neutral
Android,neutral
Android,neutral
Android,neutral
Android,neutral
Android,neutral
Android,neutral
Android,neutral
Android,neutral
Android,neutral
Android,neutral
Android,neutral
Android,neutral
Android,neutral
Android,neutral
Android,neutral
Android,neutral
Android,neutral
Android,neutral
Android,neutral
Android,neutral
Android,neutral
Android,neutral
Android,neutral
Android,neutral
Android,neutral
Android,neutral
Android,neutral
Android,neutral
Android,neutral
Android,neutral
Android,neutral
Android,neutral
Android,neutral
Android,neutral
Android,neutral
Android,neutral
Android,neutral
Android,neutral
Android,neutral
Android,neutral
Android,neutral
Android,neutral
Android,neutral
Android,neutral
Android,neutral
Android,neutral
Android,neutral
Android,neutral
Android,neutral
Android,neutral
Android,neutral
Android,neutral
Android,neutral
Android,neutral
Android,neutral
Android,neutral
Android,neutral
Android,neutral
Android,neutral
Android,neutral
Android,neutral
Android,neutral
Android,neutral
Android,neutral
Android,neutral
Android,neutral
Android,neutral
Android,neutral
Android,neutral
Android,neutral
Android,neutral
Android,neutral
Android,neutral
Android,neutral
Android,neutral
Android,neutral
Android,neutral
Android,neutral
Android,neutral
Android,neutral
Android,neutral
Android,neutral
Android,neutral
Android,neutral
Android,neutral
Android,neutral
Android,neutral
Android,neutral
Android,neutral
Android,neutral
Android,neutral
Android,neutral
Android,neutral
Android,neutral
Android,neutral
Android,neutral
Android,neutral
Android,neutral
Android,neutral
Android,neutral
Android,neutral
Android,neutral
Android,neutral
Android,neutral
Android,neutral
Android,neutral
Android,neutral
Android,neutral
Android,neutral
Android,neutral
Android,neutral
Android,neutral
Android,neutral
Android,neutral
Android,neutral
Android,neutral
Android,neutral
Android,neutral
Android,neutral
Android,neutral
Android,neutral
Android,neutral
Android,neutral
Android,neutral
Android,neutral
Android,neutral
Android,neutral
Android,neutral
Android,neutral
Android,neutral
Android,neutral
Android,neutral
Android,neutral
Android,neutral
Android,neutral
Android,neutral
Android,neutral
Android,neutral
Android,neutral
Android,neutral
Android,neutral
Android,neutral
Android,neutral
Android,neutral
Android,neutral
Android,neutral
Android,neutral
Android,neutral
Android,neutral
Android,neutral
Android,neutral
Android,neutral
Android,neutral
Android,neutral
Android,neutral
Android,neutral
Android,neutral
Android,neutral
Android,neutral
Android,neutral
Android,neutral
Android,neutral
Android,neutral
Android,neutral
Android,neutral
Android,neutral
Android,neutral
Android,neutral
Android,neutral
Android,neutral
Android,neutral
Android,neutral
Android,neutral
Android,neutral
Android,neutral
Android,neutral
Android,neutral
Android,neutral
Android,neutral
Android,neutral
Android,neutral
Android,neutral
Android,neutral
Android,neutral
Android,neutral
Android,neutral
Android,neutral
Android,neutral
Android,neutral
Android,neutral
Android,neutral
Android,neutral
Android,neutral
Android,neutral
Android,neutral
Android,neutral
Android,neutral
Android,neutral
Android,neutral
Android,neutral
Android,neutral
Android,neutral
Android,neutral
Android,neutral
Android,neutral
Android,neutral
Android,neutral
Android,neutral
Android,neutral
Android,neutral
Android,neutral
Android,neutral
Android,neutral
Android,neutral
Android,neutral
Android,neutral
Android,neutral
Android,neutral
Android,neutral
Android,neutral
Android,neutral
Android,neutral
Android,neutral
Android,neutral
Android,neutral
Android,neutral
Android,neutral
Android,neutral
Android,neutral
Android,neutral
Android,neutral
Android,neutral
Android,neutral
Android,neutral
Android,neutral
Android,neutral
Android,neutral
Android,neutral
Android,neutral
Android,neutral
Android,neutral
Android,neutral
Android,neutral
Android,neutral
Android,neutral
Android,neutral
Android,neutral
Android,neutral
Android,neutral
Android,neutral
Android,neutral
Android,neutral
Android,neutral
Android,neutral
Android,neutral
Android,neutral
Android,neutral
Android,neutral
Android,neutral
Android,neutral
Android,neutral
Android,neutral
Android,neutral
Android,neutral
Android,neutral
Android,neutral
Android,neutral
Android,neutral
Android,neutral
Android,neutral
Android,neutral
Android,neutral
Android,neutral
Android,neutral
Android,neutral
Android,neutral
Android,neutral
Android,neutral
Android,neutral
Android,neutral
Android,neutral
Android,neutral
Android,neutral
Android,neutral
Android,neutral
Android,neutral
Android,neutral
Android,neutral
Android,neutral
Android,neutral
Android,neutral
Android,neutral
Android,neutral
Android,neutral
Android,neutral
Android,neutral
Android,neutral
Android,neutral
Android,neutral
Android,neutral
Android,neutral
Android,neutral
Android,neutral
Android,neutral
Android,neutral
Android,neutral
Android,neutral
Android,neutral
Android,neutral
Android,neutral
Android,neutral
Android,neutral
Android,neutral
Android,neutral
Android,neutral
Android,neutral
Android,neutral
Android,neutral
Android,neutral
Android,neutral
Android,neutral
Android,neutral
Android,neutral
Android,neutral
Android,neutral
Android,neutral
Android,neutral
Android,neutral
Android,neutral
Android,neutral
Android,neutral
Android,neutral
Android,neutral
Android,neutral
Android,neutral
Android,neutral
Android,neutral
Android,neutral
Android,neutral
Android,neutral
Android,neutral
Android,neutral
Android,neutral
Android,neutral
Android,neutral
Android,neutral
Android,neutral
Android,neutral
Android,neutral
Android,neutral
Android,neutral
Android,neutral
Android,neutral
Android,neutral
Android,neutral
Android,neutral
Android,neutral
Android,neutral
Android,neutral
Android,neutral
Android,neutral
Android,neutral
Android,neutral
Android,neutral
Android,neutral
Android,neutral
Android,neutral
Android,neutral
Android,neutral
Android,neutral
Android,neutral
Android,neutral
Android,neutral
Android,neutral
Android,neutral
Android,neutral
Android,neutral
Android,neutral
Android,neutral
Android,neutral
Android,neutral
Android,neutral
Android,neutral
Android,neutral
Android,neutral
Android,neutral
Android,neutral
Android,neutral
Android,neutral
Android,neutral
Android,neutral
Android,neutral
Android,neutral
Android,neutral
Android,neutral
Android,neutral
Android,neutral
Android,neutral
Android,neutral
Android,neutral
Android,neutral
Android,neutral
Android,neutral
Android,neutral
Android,neutral
Android,neutral
Android,neutral
Android,neutral
Android,neutral
Android,neutral
Android,neutral
Android,neutral
Android,neutral
Android,neutral
Android,neutral
Android,neutral
Android,neutral
Android,neutral
Android,neutral
Android,neutral
Android,neutral
Android,neutral
Android,neutral
Android,neutral
Android,neutral
Android,neutral
Android,neutral
Android,neutral
Android,neutral
Android,neutral
Android,neutral
Android,neutral
Android,neutral
Android,neutral
Android,neutral
Android,neutral
Android,neutral
Android,neutral
Android,neutral
Android,neutral
Android,neutral
Android,neutral
Android,neutral
Android,neutral
Android,neutral
Android,neutral
Android,neutral
Android,neutral
Android,neutral
Android,neutral
Android,neutral
Android,neutral
Android,neutral
Android,neutral
Android,neutral
Android,neutral
Android,neutral
Android,neutral
Android,neutral
Android,neutral
Android,neutral
Android,neutral
Android,neutral
Android,neutral
Android,neutral
Android,neutral
Android,neutral
Android,neutral
Android,neutral
Android,neutral
Android,neutral
Android,neutral
Android,neutral
Android,neutral
Android,neutral
Android,neutral
Android,neutral
Android,neutral
Android,neutral
Android,neutral
Android,neutral
Android,neutral
Android,neutral
Android,neutral
Android,neutral
Android,neutral
Android,neutral
Android,neutral
Android,neutral
Android,neutral
Android,neutral
Android,neutral
Android,neutral
Android,neutral
Android,neutral
Android,neutral
Android,neutral
Android,neutral
Android,neutral
Android,neutral
Android,neutral
Android,neutral
Android,neutral
Android,neutral
Android,neutral
Android,neutral
Android,neutral
Android,neutral
Android,neutral
Android,neutral
Android,neutral
Android,neutral
Android,neutral
Android,neutral
Android,neutral
Android,neutral
Android,neutral
Android,neutral
Android,neutral
Android,neutral
Android,neutral
Android,neutral
Android,neutral
Android,neutral
Android,neutral
Android,neutral
Android,neutral
Android,neutral
Android,neutral
Android,neutral
Android,neutral
Android,neutral
Android,neutral
Android,neutral
Android,neutral
Android,neutral
Android,neutral
Android,neutral
Android,neutral
Android,neutral
Android,neutral
Android,neutral
Android,neutral
Android,neutral
Android,neutral
Android,neutral
Android,neutral
Android,neutral
Android,neutral
Android,neutral
Android,neutral
Android,neutral
Android,neutral
Android,neutral
Android,neutral
Android,neutral
Android,neutral
Android,neutral
Android,neutral
Android,neutral
Android,neutral
Android,neutral
Android,neutral
Android,neutral
Android,neutral
Android,neutral
Android,neutral
Android,neutral
Android,neutral
Android,neutral
Android,neutral
Android,neutral
Android,neutral
Android,neutral
Android,neutral
Android,neutral
Android,neutral
Android,neutral
Android,neutral
Android,neutral
Android,neutral
Android,neutral
Android,neutral
Android,neutral
Android,neutral
Android,neutral
Android,neutral
Android,neutral
Android,neutral
Android,neutral
Android,neutral
Android,neutral
Android,neutral
Android,neutral
Android,neutral
Android,neutral
Android,neutral
Android,neutral
Android,neutral
Android,neutral
Android,neutral
Android,neutral
Android,neutral
Android,neutral
Android,neutral
Android,neutral
Android,neutral
Android,neutral
Android,neutral
Android,neutral
Android,neutral
Android,neutral
Android,neutral
Android,neutral
Android,neutral
Android,neutral
Android,neutral
Android,neutral
Android,neutral
Android,neutral
Android,neutral
Android,neutral
Android,neutral
Android,neutral
Android,neutral
Android,neutral
Android,neutral
Android,neutral
Android,neutral
Android,neutral
Android,neutral
Android,neutral
Android,neutral
Android,neutral
Android,neutral
Android,neutral
Android,neutral
Android,neutral
Android,neutral
Android,neutral
Android,neutral
Android,neutral
Android,neutral
Android,neutral
Android,neutral
Android,neutral
Android,neutral
Android,neutral
Android,neutral
Android,neutral
Android,neutral
Android,neutral
Android,neutral
Android,neutral
Android,neutral
Android,neutral
Android,neutral
Android,neutral
Android,neutral
Android,neutral
Android,neutral
Android,neutral
Android,neutral
Android,neutral
Android,neutral
Android,neutral
Android,neutral
Android,neutral
Android,neutral
Android,neutral
Android,neutral
Android,neutral
Android,neutral
Android,neutral
Android,neutral
Android,neutral
Android,neutral
Android,neutral
Android,neutral
Android,neutral
Android,neutral
Android,neutral
Android,neutral
Android,neutral
Android,neutral
Android,neutral
Android,neutral
Android,neutral
Android,neutral
Android,neutral
Android,neutral
Android,neutral
Android,neutral
Android,neutral
Android,neutral
Android,neutral
Android,neutral
Android,neutral
Android,neutral
Android,neutral
Android,neutral
Android,neutral
Android,neutral
Android,neutral
Android,neutral
Android,neutral
Android,neutral
Android,neutral
Android,neutral
Android,neutral
Android,neutral
Android,neutral
Android,neutral
Android,neutral
Android,neutral
Android,neutral
Android,neutral
Android,neutral
Android,neutral
Android,neutral
Android,neutral
Android,neutral
Android,neutral
Android,neutral
Android,neutral
Android,neutral
Android,neutral
Android,neutral
Android,neutral
Android,neutral
Android,neutral
Android,neutral
Android,neutral
Android,neutral
Android,neutral
Android,neutral
Android,neutral
Android,neutral
Android,neutral
Android,neutral
Android,neutral
Android,neutral
Android,neutral
Android,neutral
Android,neutral
Android,neutral
Android,neutral
Android,neutral
Android,neutral
Android,neutral
Android,neutral
Android,neutral
Android,neutral
Android,neutral
Android,neutral
Android,neutral
Android,neutral
Android,neutral
Android,neutral
Android,neutral
Android,neutral
Android,neutral
Android,neutral
Android,neutral
Android,neutral
Android,neutral
Android,neutral
Android,neutral
Android,neutral
Android,neutral
Android,neutral
Android,neutral
Android,neutral
Android,neutral
Android,neutral
Android,neutral
Android,neutral
Android,neutral
Android,neutral
Android,neutral
Android,neutral
Android,neutral
Android,neutral
Android,neutral
Android,neutral
Android,neutral
Android,neutral
Android,neutral
Android,neutral
Android,neutral
Android,neutral
Android,neutral
Android,neutral
Android,neutral
Android,neutral
Android,neutral
Android,neutral
Android,neutral
Android,neutral
Android,neutral
Android,neutral
Android,neutral
Android,neutral
Android,neutral
Android,neutral
Android,neutral
Android,neutral
Android,neutral
Android,neutral
Android,neutral
Android,neutral
Android,neutral
Android,neutral
Android,neutral
Android,neutral
Android,neutral
Android,neutral
Android,neutral
Android,neutral
Android,neutral
Android,neutral
Android,neutral
Android,neutral
Android,neutral
Android,neutral
Android,neutral
Android,neutral
Android,neutral
Android,neutral
Android,neutral
Android,neutral
Android,neutral
Android,neutral
Android,neutral
Android,neutral
Android,neutral
Android,neutral
Android,neutral
Android,neutral
Android,neutral
Android,neutral
Android,neutral
Android,neutral
Android,neutral
Android,neutral
Android,neutral
Android,neutral
Android,neutral
Android,neutral
Android,neutral
Android,neutral
Android,neutral
Android,neutral
Android,neutral
Android,neutral
Android,neutral
Android,neutral
Android,neutral
Android,neutral
Android,neutral
Android,neutral
Android,neutral
Android,neutral
Android,neutral
Android,neutral
Android,neutral
Android,neutral
Android,neutral
Android,neutral
Android,neutral
Android,neutral
Android,neutral
Android,neutral
Android,neutral
Android,neutral
Android,neutral
Android,neutral
Android,neutral
Android,neutral
Android,neutral
Android,neutral
Android,neutral
Android,neutral
Android,neutral
Android,neutral
Android,neutral
Android,neutral
Android,neutral
Android,neutral
Android,neutral
Android,neutral
Android,neutral
Android,neutral
Android,neutral
Android,neutral
Android,neutral
Android,neutral
Android,neutral
Android,neutral
Android,neutral
Android,neutral
Android,neutral
Android,neutral
Android,neutral
Android,neutral
Android,neutral
Android,neutral
Android,neutral
Android,neutral
Android,neutral
Android,neutral
Android,neutral
Android,neutral
Android,neutral
Android,neutral
Android,neutral
Android,neutral
Android,neutral
Android,neutral
Android,neutral
Android,neutral
Android,neutral
Android,neutral
Android,neutral
Android,neutral
Android,neutral
Android,neutral
Android,neutral
Android,neutral
Android,neutral
Android,neutral
Android,neutral
Android,neutral
Android,neutral
Android,neutral
Android,neutral
Android,neutral
Android,neutral
Android,neutral
Android,neutral
Android,neutral
Android,neutral
Android,neutral
Android,neutral
Android,neutral
Android,neutral
Android,neutral
Android,neutral
Android,neutral
Android,neutral
Android,neutral
Android,neutral
Android,neutral
Android,neutral
Android,neutral
Android,neutral
Android,neutral
Android,neutral
Android,neutral
Android,neutral
Android,neutral
Android,neutral
Android,neutral
Android,neutral
Android,neutral
Android,neutral
Android,neutral
Android,neutral
Android,neutral
Android,neutral
Android,neutral
Android,neutral
Android,neutral
Android,neutral
Android,neutral
Android,neutral
Android,neutral
Android,neutral
Android,neutral
Android,neutral
Android,neutral
Android,neutral
Android,neutral
Android,neutral
Android,neutral
Android,neutral
Android,neutral
Android,neutral
Android,neutral
Android,neutral
Android,neutral
Android,neutral
Android,neutral
Android,neutral
Android,neutral
Android,neutral
Android,neutral
Android,neutral
Android,neutral
Android,neutral
Android,neutral
Android,neutral
Android,neutral
Android,neutral
Android,neutral
Android,neutral
Android,neutral
Android,neutral
Android,neutral
Android,neutral
Android,neutral
Android,neutral
Android,neutral
Android,neutral
Android,neutral
Android,neutral
Android,neutral
Android,neutral
Android,neutral
Android,neutral
Android,neutral
Android,neutral
Android,neutral
Android,neutral
Android,neutral
Android,neutral
Android,neutral
Android,neutral
Android,neutral
Android,neutral
Android,neutral
Android,neutral
Android,neutral
Android,neutral
Android,neutral
Android,neutral
Android,neutral
Android,neutral
Android,neutral
Android,neutral
Android,neutral
Android,neutral
Android,neutral
Android,neutral
Android,neutral
Android,neutral
Android,neutral
Android,neutral
Android,neutral
Android,neutral
Android,neutral
Android,neutral
Android,neutral
Android,neutral
Android,neutral
Android,neutral
Android,neutral
Android,neutral
Android,neutral
Android,neutral
Android,neutral
Android,neutral
Android,neutral
Android,neutral
Android,neutral
Android,neutral
Android,neutral
Android,neutral
Android,neutral
Android,neutral
Android,neutral
Android,neutral
Android,neutral
Android,neutral
Android,neutral
Android,neutral
Android,neutral
Android,neutral
Android,neutral
Android,neutral
Android,neutral
Android,neutral
Android,neutral
Android,neutral
Android,neutral
Android,neutral
Android,neutral
Android,neutral
Android,neutral
Android,neutral
Android,neutral
Android,neutral
Android,neutral
Android,neutral
Android,neutral
Android,neutral
Android,neutral
Android,neutral
Android,neutral
Android,neutral
Android,neutral
Android,neutral
Android,neutral
Android,neutral
Android,neutral
Android,neutral
Android,neutral
Android,neutral
Android,neutral
Android,neutral
Android,neutral
Android,neutral
Android,neutral
Android,neutral
Android,neutral
Android,neutral
Android,neutral
Android,neutral
Android,neutral
Android,neutral
Android,neutral
Android,neutral
Android,neutral
Android,neutral
Android,neutral
Android,neutral
Android,neutral
Android,neutral
Android,neutral
Android,neutral
Android,neutral
Android,neutral
Android,neutral
Android,neutral
Android,neutral
Android,neutral
Android,neutral
Android,neutral
Android,neutral
Android,neutral
Android,neutral
Android,neutral
Android,neutral
Android,neutral
Android,neutral
Android,neutral
Android,neutral
Android,neutral
Android,neutral
Android,neutral
Android,neutral
Android,neutral
Android,neutral
Android,neutral
Android,neutral
Android,neutral
Android,neutral
Android,neutral
Android,neutral
Android,neutral
Android,neutral
Android,neutral
Android,neutral
Android,neutral
Android,neutral
Android,neutral
Android,neutral
Android,neutral
Android,neutral
Android,neutral
Android,neutral
Android,neutral
Android,neutral
Android,neutral
Android,neutral
Android,neutral
Android,neutral
Android,neutral
Android,neutral
Android,neutral
Android,neutral
Android,neutral
Android,neutral
Android,neutral
Android,neutral
Android,neutral
Android,neutral
Android,neutral
Android,neutral
Android,neutral
Android,neutral
Android,neutral
Android,neutral
Android,neutral
Android,neutral
Android,neutral
Android,neutral
Android,neutral
Android,neutral
Android,neutral
Android,neutral
Android,neutral
Android,neutral
Android,neutral
Android,neutral
Android,neutral
Android,neutral
Android,neutral
Android,neutral
Android,neutral
Android,neutral
Android,neutral
Android,neutral
Android,neutral
Android,neutral
Android,neutral
Android,neutral
Android,neutral
Android,neutral
Android,neutral
Android,neutral
Android,neutral
Android,neutral
Android,neutral
Android,neutral
Android,neutral
Android,neutral
Android,neutral
Android,neutral
Android,neutral
Android,neutral
Android,neutral
Android,neutral
Android,neutral
Android,neutral
Android,neutral
Android,neutral
Android,neutral
Android,neutral
Android,neutral
Android,neutral
Android,neutral
Android,neutral
Android,neutral
Android,neutral
Android,neutral
Android,neutral
Android,neutral
Android,neutral
Android,neutral
Android,neutral
Android,neutral
Android,neutral
Android,neutral
Android,neutral
Android,neutral
Android,neutral
Android,neutral
Android,neutral
Android,neutral
Android,neutral
Android,neutral
Android,neutral
Android,neutral
Android,neutral
Android,neutral
Android,neutral
Android,neutral
Android,neutral
Android,neutral
Android,neutral
Android,neutral
Android,neutral
Android,neutral
Android,neutral
Android,neutral
Android,neutral
Android,neutral
Android,neutral
Android,neutral
Android,neutral
Android,neutral
Android,neutral
Android,neutral
Android,neutral
Android,neutral
Android,neutral
Android,neutral
Android,neutral
Android,neutral
Android,neutral
Android,neutral
Android,neutral
Android,neutral
Android,neutral
Android,neutral
Android,neutral
Android,neutral
Android,neutral
Android,neutral
Android,neutral
Android,neutral
Android,neutral
Android,neutral
Android,neutral
Android,neutral
Android,neutral
Android,neutral
Android,neutral
Android,neutral
Android,neutral
Android,neutral
Android,neutral
Android,neutral
Android,neutral
Android,neutral
Android,neutral
Android,neutral
Android,neutral
Android,neutral
Android,neutral
Android,neutral
Android,neutral
Android,neutral
Android,neutral
Android,neutral
Android,neutral
Android,neutral
Android,neutral
Android,neutral
Android,neutral
Android,neutral
Android,neutral
Android,neutral
Android,neutral
Android,neutral
Android,neutral
Android,neutral
Android,neutral
Android,neutral
Android,neutral
Android,neutral
Android,neutral
Android,neutral
Android,neutral
Android,neutral
Android,neutral
Android,neutral
Android,neutral
Android,neutral
Android,neutral
Android,neutral
Android,neutral
Android,neutral
Android,neutral
Android,neutral
Android,neutral
Android,neutral
Android,neutral
Android,neutral
Android,neutral
Android,neutral
Android,neutral
Android,neutral
Android,neutral
Android,neutral
Android,neutral
Android,neutral
Android,neutral
Android,neutral
Android,neutral
Android,neutral
Android,neutral
Android,neutral
Android,neutral
Android,neutral
Android,neutral
Android,neutral
Android,neutral
Android,neutral
Android,neutral
Android,neutral
Android,neutral
Android,neutral
Android,neutral
Android,neutral
Android,neutral
Android,neutral
Android,neutral
Android,neutral
Android,neutral
Android,neutral
Android,neutral
Android,neutral
Android,neutral
Android,neutral
Android,neutral
Android,neutral
Android,neutral
Android,neutral
Android,neutral
Android,neutral
Android,neutral
Android,neutral
Android,neutral
Android,neutral
Android,neutral
Android,neutral
Android,neutral
Android,neutral
Android,neutral
Android,neutral
Android,neutral
Android,neutral
Android,neutral
Android,neutral
Android,neutral
Android,neutral
Android,neutral
Android,neutral
Android,neutral
Android,neutral
Android,neutral
Android,neutral
Android,neutral
Android,neutral
Android,neutral
Android,neutral
Android,neutral
Android,neutral
Android,neutral
Android,neutral
Android,neutral
Android,neutral
Android,neutral
Android,neutral
Android,neutral
Android,neutral
Android,neutral
Android,neutral
Android,neutral
Android,neutral
Android,neutral
Android,neutral
Android,neutral
Android,neutral
Android,neutral
Android,neutral
Android,neutral
Android,neutral
Android,neutral
Android,neutral
Android,neutral
Android,neutral
Android,neutral
Android,neutral
Android,neutral
Android,neutral
Android,neutral
Android,neutral
Android,neutral
Android,neutral
Android,neutral
Android,neutral
Android,neutral
Android,neutral
Android,neutral
Android,neutral
Android,neutral
Android,neutral
Android,neutral
Android,neutral
Android,neutral
Android,neutral
Android,neutral
Android,neutral
Android,neutral
Android,neutral
Android,neutral
Android,neutral
Android,neutral
Android,neutral
Android,neutral
Android,neutral
Android,neutral
Android,neutral
Android,neutral
Android,neutral
Android,neutral
Android,neutral
Android,neutral
Android,neutral
Android,neutral
Android,neutral
Android,neutral
Android,neutral
Android,neutral
Android,neutral
Android,neutral
Android,neutral
Android,neutral
Android,neutral
Android,neutral
Android,neutral
Android,neutral
Android,neutral
Android,neutral
Android,neutral
Android,neutral
Android,neutral
Android,neutral
Android,neutral
Android,neutral
Android,neutral
Android,neutral
Android,neutral
Android,neutral
Android,neutral
Android,neutral
Android,neutral
Android,neutral
Android,neutral
Android,neutral
Android,neutral
Android,neutral
Android,neutral
Android,neutral
Android,neutral
Android,neutral
Android,neutral
Android,neutral
Android,neutral
Android,neutral
Android,neutral
Android,neutral
Android,neutral
Android,neutral
Android,neutral
Android,neutral
Android,neutral
Android,neutral
Android,neutral
Android,neutral
Android,neutral
Android,neutral
Android,neutral
Android,neutral
Android,neutral
Android,neutral
Android,neutral
Android,neutral
Android,neutral
Android,neutral
Android,neutral
Android,neutral
Android,neutral
Android,neutral
Android,neutral
Android,neutral
Android,neutral
Android,neutral
Android,neutral
Android,neutral
Android,neutral
Android,neutral
Android,neutral
Android,neutral
Android,neutral
Android,neutral
Android,neutral
Android,neutral
Android,neutral
Android,neutral
Android,neutral
Android,neutral
Android,neutral
Android,neutral
Android,neutral
Android,neutral
Android,neutral
Android,neutral
Android,neutral
Android,neutral
Android,neutral
Android,neutral
Android,neutral
Android,neutral
Android,neutral
Android,neutral
Android,neutral
Android,neutral
Android,neutral
Android,neutral
Android,neutral
Android,neutral
Android,neutral
Android,neutral
Android,neutral
Android,neutral
Android,neutral
Android,neutral
Android,neutral
Android,neutral
Android,neutral
Android,neutral
Android,neutral
Android,neutral
Android,neutral
Android,neutral
Android,neutral
Android,neutral
Android,neutral
Android,neutral
Android,neutral
Android,neutral
Android,neutral
Android,neutral
Android,neutral
Android,neutral
Android,neutral
Android,neutral
Android,neutral
Android,neutral
Android,neutral
Android,neutral
Android,neutral
Android,neutral
Android,neutral
Android,neutral
Android,neutral
Android,neutral
Android,neutral
Android,neutral
Android,neutral
Android,neutral
Android,neutral
Android,neutral
Android,neutral
Android,neutral
Android,neutral
Android,neutral
Android,neutral
Android,neutral
Android,neutral
Android,neutral
Android,neutral
Android,neutral
Android,neutral
Android,neutral
Android,neutral
Android,neutral
Android,neutral
Android,neutral
Android,neutral
Android,neutral
Android,neutral
Android,neutral
Android,neutral
Android,neutral
Android,neutral
Android,neutral
Android,neutral
Android,neutral
Android,neutral
Android,neutral
Android,neutral
Android,neutral
Android,neutral
Android,neutral
Android,neutral
Android,neutral
Android,neutral
Android,neutral
Android,neutral
Android,neutral
Android,neutral
Android,neutral
Android,neutral
Android,neutral
Android,neutral
Android,neutral
Android,neutral
Android,neutral
Android,neutral
Android,neutral
Android,neutral
Android,neutral
Android,neutral
Android,neutral
Android,neutral
Android,neutral
Android,neutral
Android,neutral
Android,neutral
Android,neutral
Android,neutral
Android,neutral
Android,neutral
Android,neutral
Android,neutral
Android,neutral
Android,neutral
Android,neutral
Android,neutral
Android,neutral
Android,neutral
Android,neutral
Android,neutral
Android,neutral
Android,neutral
Android,neutral
Android,neutral
Android,neutral
Android,neutral
Android,neutral
Android,neutral
Android,neutral
Android,neutral
Android,neutral
Android,neutral
Android,neutral
Android,neutral
Android,neutral
Android,neutral
Android,neutral
Android,neutral
Android,neutral
Android,neutral
Android,neutral
Android,neutral
Android,neutral
Android,neutral
Android,neutral
Android,neutral
Android,neutral
Android,neutral
Android,neutral
Android,neutral
Android,neutral
Android,neutral
Android,neutral
Android,neutral
Android,neutral
Android,neutral
Android,neutral
Android,neutral
Android,neutral
Android,neutral
Android,neutral
Android,neutral
Android,neutral
Android,neutral
Android,neutral
Android,neutral
Android,neutral
Android,neutral
Android,neutral
Android,neutral
Android,neutral
Android,neutral
Android,neutral
Android,neutral
Android,neutral
Android,neutral
Android,neutral
Android,neutral
Android,neutral
Android,neutral
Android,neutral
Android,neutral
Android,neutral
Android,neutral
Android,neutral
Android,neutral
Android,neutral
Android,neutral
Android,neutral
Android,neutral
Android,neutral
Android,neutral
Android,neutral
Android,neutral
Android,neutral
Android,neutral
Android,neutral
Android,neutral
Android,neutral
Android,neutral
Android,neutral
Android,neutral
Android,neutral
Android,neutral
Android,neutral
Android,neutral
Android,neutral
Android,neutral
Android,neutral
Android,neutral
Android,neutral
Android,neutral
Android,neutral
Android,neutral
Android,neutral
Android,neutral
Android,neutral
Android,neutral
Android,neutral
Android,neutral
Android,neutral
Android,neutral
Android,neutral
Android,neutral
Android,neutral
Android,neutral
Android,neutral
Android,neutral
Android,neutral
Android,neutral
Android,neutral
Android,neutral
Android,neutral
Android,neutral
Android,neutral
Android,neutral
Android,neutral
Android,neutral
Android,neutral
Android,neutral
Android,neutral
Android,neutral
Android,neutral
Android,neutral
Android,neutral
Android,neutral
Android,neutral
Android,neutral
Android,neutral
Android,neutral
Android,neutral
Android,neutral
Android,neutral
Android,neutral
Android,neutral
Android,neutral
Android,neutral
Android,neutral
Android,neutral
Android,neutral
Android,neutral
Android,neutral
Android,neutral
Android,neutral
Android,neutral
Android,neutral
Android,neutral
Android,neutral
Android,neutral
Android,neutral
Android,neutral
Android,neutral
Android,neutral
Android,neutral
Android,neutral
Android,neutral
Android,neutral
Android,neutral
Android,neutral
Android,neutral
Android,neutral
Android,neutral
Android,neutral
Android,neutral
Android,neutral
Android,neutral
Android,neutral
Android,neutral
Android,neutral
Android,neutral
Android,neutral
Android,neutral
Android,neutral
Android,neutral
Android,neutral
Android,neutral
Android,neutral
Android,neutral
Android,neutral
Android,neutral
Android,neutral
Android,neutral
Android,neutral
Android,neutral
Android,neutral
Android,neutral
Android,neutral
Android,neutral
Android,neutral
Android,neutral
Android,neutral
Android,neutral
Android,neutral
Android,neutral
Android,neutral
Android,neutral
Android,neutral
Android,neutral
Android,neutral
Android,neutral
Android,neutral
Android,neutral
Android,neutral
Android,neutral
Android,neutral
Android,neutral
Android,neutral
Android,neutral
Android,neutral
Android,neutral
Android,neutral
Android,neutral
Android,neutral
Android,neutral
Android,neutral
Android,neutral
Android,neutral
Android,neutral
Android,neutral
Android,neutral
Android,neutral
Android,neutral
Android,neutral
Android,neutral
Android,neutral
Android,neutral
Android,neutral
Android,neutral
Android,neutral
Android,neutral
Android,neutral
Android,neutral
Android,neutral
Android,neutral
iOS,positive
iOS,positive
iOS,positive
iOS,positive
iOS,positive
iOS,positive
iOS,positive
iOS,positive
iOS,positive
iOS,positive
iOS,positive
iOS,positive
iOS,positive
iOS,positive
iOS,positive
iOS,positive
iOS,positive
iOS,positive
iOS,positive
iOS,positive
iOS,positive
iOS,positive
iOS,positive
iOS,positive
iOS,positive
iOS,positive
iOS,positive
iOS,positive
iOS,positive
iOS,positive
iOS,positive
iOS,positive
iOS,positive
iOS,positive
BlackBerry,positive
BlackBerry,positive
BlackBerry,positive
BlackBerry,positive
BlackBerry,positive
BlackBerry,positive
BlackBerry,positive
BlackBerry,positive
BlackBerry,positive
BlackBerry,positive
BlackBerry,positive
BlackBerry,positive
BlackBerry,positive
BlackBerry,positive
BlackBerry,positive
BlackBerry,positive
BlackBerry,positive
BlackBerry,positive
BlackBerry,positive
BlackBerry,positive
BlackBerry,positive
BlackBerry,positive
BlackBerry,positive
BlackBerry,positive
BlackBerry,positive
BlackBerry,positive
BlackBerry,positive
BlackBerry,positive
BlackBerry,positive
BlackBerry,positive
BlackBerry,positive
BlackBerry,positive
BlackBerry,positive
BlackBerry,positive
BlackBerry,positive
BlackBerry,positive
BlackBerry,positive
BlackBerry,positive
BlackBerry,positive
BlackBerry,positive
BlackBerry,positive
BlackBerry,positive
BlackBerry,positive
BlackBerry,positive
BlackBerry,positive
BlackBerry,positive
BlackBerry,positive
BlackBerry,positive
BlackBerry,positive
BlackBerry,positive
BlackBerry,positive
BlackBerry,positive
BlackBerry,positive
BlackBerry,positive
BlackBerry,positive
BlackBerry,positive
BlackBerry,positive
BlackBerry,positive
BlackBerry,positive
BlackBerry,positive
BlackBerry,positive
BlackBerry,positive
BlackBerry,positive
BlackBerry,positive
BlackBerry,positive
BlackBerry,positive
BlackBerry,positive
BlackBerry,positive
BlackBerry,positive
BlackBerry,positive
BlackBerry,positive
BlackBerry,positive
BlackBerry,positive
BlackBerry,positive
BlackBerry,positive
BlackBerry,positive
BlackBerry,positive
BlackBerry,positive
BlackBerry,positive
BlackBerry,positive
BlackBerry,positive
BlackBerry,positive
BlackBerry,positive
BlackBerry,positive
BlackBerry,positive
BlackBerry,positive
BlackBerry,positive
BlackBerry,positive
BlackBerry,positive
BlackBerry,positive
BlackBerry,positive
BlackBerry,positive
BlackBerry,positive
BlackBerry,positive
BlackBerry,positive
BlackBerry,positive
BlackBerry,positive
BlackBerry,positive
BlackBerry,positive
BlackBerry,positive
BlackBerry,positive
BlackBerry,positive
BlackBerry,positive
BlackBerry,positive
BlackBerry,positive
BlackBerry,positive
BlackBerry,positive
BlackBerry,positive
BlackBerry,positive
BlackBerry,positive
BlackBerry,positive
BlackBerry,positive
BlackBerry,positive
BlackBerry,positive
BlackBerry,positive
BlackBerry,positive
BlackBerry,positive
BlackBerry,positive
BlackBerry,positive
BlackBerry,positive
BlackBerry,positive
BlackBerry,positive
BlackBerry,positive
BlackBerry,positive
BlackBerry,positive
BlackBerry,positive
BlackBerry,positive
BlackBerry,positive
BlackBerry,positive
BlackBerry,positive
BlackBerry,positive
BlackBerry,positive
BlackBerry,positive
BlackBerry,positive
BlackBerry,positive
BlackBerry,positive
BlackBerry,positive
BlackBerry,positive
BlackBerry,positive
BlackBerry,positive
BlackBerry,positive
BlackBerry,positive
BlackBerry,positive
BlackBerry,positive
BlackBerry,positive
BlackBerry,positive
BlackBerry,positive
BlackBerry,positive
BlackBerry,positive
BlackBerry,positive
BlackBerry,positive
BlackBerry,positive
BlackBerry,positive
BlackBerry,positive
BlackBerry,positive
BlackBerry,positive
BlackBerry,positive
BlackBerry,positive
BlackBerry,positive
BlackBerry,positive
BlackBerry,positive
BlackBerry,positive
BlackBerry,positive
BlackBerry,positive
BlackBerry,positive
BlackBerry,positive
BlackBerry,positive
BlackBerry,positive
BlackBerry,positive
BlackBerry,positive
BlackBerry,positive
BlackBerry,positive
BlackBerry,positive
BlackBerry,positive
BlackBerry,positive
BlackBerry,positive
BlackBerry,positive
BlackBerry,positive
BlackBerry,positive
BlackBerry,positive
BlackBerry,positive
BlackBerry,positive
BlackBerry,positive
BlackBerry,positive
BlackBerry,positive
BlackBerry,positive
BlackBerry,positive
BlackBerry,positive
BlackBerry,positive
BlackBerry,positive
BlackBerry,positive
BlackBerry,positive
BlackBerry,positive
BlackBerry,positive
BlackBerry,positive
BlackBerry,positive
BlackBerry,positive
BlackBerry,positive
Android,positive
Android,positive
Android,positive
Android,positive
Android,positive
Android,positive
Android,positive
Android,positive
Android,positive
Android,positive
Android,positive
Android,positive
Android,positive
Android,positive
Android,positive
Android,positive
Android,positive
Android,positive
Android,positive
Android,positive
Android,positive
Android,positive
Android,positive
Android,positive
Android,positive
Android,positive
Android,positive
Android,positive
Android,positive
Android,positive
Android,positive
Android,positive
Android,positive
Android,positive
Android,positive
Android,positive
Android,positive
Android,positive
Android,positive
Android,positive
Android,positive
Android,positive
Android,positive
Android,positive
Android,positive
Android,positive
Android,positive
Android,positive
Android,positive
Android,positive
Android,positive
Android,positive
Android,positive
Android,positive
Android,positive
Android,positive
Android,positive
Android,positive
Android,positive
Android,positive
Android,positive
Android,positive
Android,positive
Android,positive
Android,positive
Android,positive
Android,positive
Android,positive
Android,positive
Android,positive
Android,positive
Android,positive
Android,positive
Android,positive
Android,positive
Android,positive
Android,positive
Android,positive
Android,positive
Android,positive
Android,positive
Android,positive
Android,positive
Android,positive
Android,positive
Android,positive
Android,positive
Android,positive
Android,positive
Android,positive
Android,positive
Android,positive
Android,positive
Android,positive
Android,positive
Android,positive
Android,positive
Android,positive
Android,positive
Android,positive
Android,positive
Android,positive
Android,positive
Android,positive
Android,positive
Android,positive
Android,positive
Android,positive
Android,positive
Android,positive
Android,positive
Android,positive
Android,positive
Android,positive
Android,positive
Android,positive
Android,positive
Android,positive
Android,positive
Android,positive
Android,positive
Android,positive
Android,positive
Android,positive
Android,positive
Android,positive
Android,positive
Android,positive
Android,positive
Android,positive
Android,positive
Android,positive
Android,positive
Android,positive
Android,positive
Android,positive
Android,positive
Android,positive
Android,positive
Android,positive
Android,positive
Android,positive
Android,positive
Android,positive
Android,positive
Android,positive
Android,positive
Android,positive
Android,positive
Android,positive
Android,positive
Android,positive
Android,positive
Android,positive
Android,positive
Android,positive
Android,positive
Android,positive
Android,positive
Android,positive
Android,positive
Android,positive
Android,positive
Android,positive
Android,positive
Android,positive
Android,positive
Android,positive
Android,positive
Android,positive
Android,positive
Android,positive
Android,positive
Android,positive
Android,positive
Android,positive
Android,positive
Android,positive
Android,positive
Android,positive
Android,positive
Android,positive
Android,positive
Android,positive
Android,positive
Android,positive
Android,positive
Android,positive
Android,positive
Android,positive
Android,positive
Android,positive
Android,positive
Android,positive
Android,positive
Android,positive
Android,positive
Android,positive
Android,positive
Android,positive
Android,positive
Android,positive
Android,positive
Android,positive
Android,positive
Android,positive
Android,positive
Android,positive
Android,positive
Android,positive
Android,positive
Android,positive
Android,positive
Android,positive
Android,positive
Android,positive
Android,positive
Android,positive
Android,positive
Android,positive
Android,positive
Android,positive
Android,positive
Android,positive
Android,positive
Android,positive
Android,positive
Android,positive
Android,positive
Android,positive
Android,positive
Android,positive
Android,positive
Android,positive
Android,positive
Android,positive
Android,positive
Android,positive
Android,positive
Android,positive
Android,positive
Android,positive
Android,positive
Android,positive
Android,positive
Android,positive
Android,positive
Android,positive
Android,positive
Android,positive
Android,positive
Android,positive
Android,positive
Android,positive
Android,positive
Android,positive
Android,positive
Android,positive
Android,positive
Android,positive
Android,positive
Android,positive
Android,positive
Android,positive
Android,positive
Android,positive
Android,positive
Android,positive
Android,positive
Android,positive
Android,positive
Android,positive
Android,positive
Android,positive
Android,positive
Android,positive
Android,positive
Android,positive
Android,positive
Android,positive
Android,positive
Android,positive
Android,positive
Android,positive
Android,positive
Android,positive
Android,positive
Android,positive
Android,positive
Android,positive
Android,positive
Android,positive
Android,positive
Android,positive
Android,positive
Android,positive
Android,positive
Android,positive
Android,positive
Android,positive
Android,positive
Android,positive
Android,positive
Android,positive
Android,positive
Android,positive
Android,positive
Android,positive
Android,positive
Android,positive
Android,positive
Android,positive
Android,positive
Android,positive
Android,positive
Android,positive
Android,positive
Android,positive
Android,positive
Android,positive
Android,positive
Android,positive
Android,positive
Android,positive
Android,positive
Android,positive
Android,positive
Android,positive
Android,positive
Android,positive
Android,positive
Android,positive
Android,positive
Android,positive
Android,positive
Android,positive
Android,positive
Android,positive
Android,positive
Android,positive
Android,positive
Android,positive
Android,positive
Android,positive
Android,positive
Android,positive
Android,positive
Android,positive
Android,positive
Android,positive
Android,positive
Android,positive
Android,positive
Android,positive
Android,positive
Android,positive
Android,positive
Android,positive
Android,positive
Android,positive
Android,positive
Android,positive
Android,positive
Android,positive
Android,positive
Android,positive
Android,positive
Android,positive
Android,positive
Android,positive
Android,positive
Android,positive
Android,positive
Android,positive
Android,positive
Android,positive
Android,positive
Android,positive
Android,positive
Android,positive
Android,positive
Android,positive
Android,positive
Android,positive
Android,positive
Android,positive
Android,positive
Android,positive
Android,positive
Android,positive
Android,positive
Android,positive
Android,positive
Android,positive
Android,positive
Android,positive
Android,positive
Android,positive
Android,positive
Android,positive
Android,positive
Android,positive
Android,positive
Android,positive
Android,positive
Android,positive
Android,positive
Android,positive
Android,positive
Android,positive
Android,positive
Android,positive
Android,positive
Android,positive
Android,positive
Android,positive
Android,positive
Android,positive
Android,positive
Android,positive
Android,positive
Android,positive
Android,positive
Android,positive
Android,positive
Android,positive
Android,positive
Android,positive
Android,positive
Android,positive
Android,positive
Android,positive
Android,positive
Android,positive
Android,positive
Android,positive
Android,positive
Android,positive
Android,positive
Android,positive
Android,positive
Android,positive
Android,positive
Android,positive
Android,positive
Android,positive
Android,positive
Android,positive
Android,positive
Android,positive
Android,positive
Android,positive
Android,positive
Android,positive
Android,positive
Android,positive
Android,positive
Android,positive
Android,positive
Android,positive
Android,positive
Android,positive
Android,positive
Android,positive
Android,positive
Android,positive
Android,positive
Android,positive
Android,positive
Android,positive
Android,positive
Android,positive
Android,positive
Android,positive
Android,positive
Android,positive
Android,positive
Android,positive
Android,positive
Android,positive
Android,positive
Android,positive
Android,positive
Android,positive
Android,positive
Android,positive
Android,positive
Android,positive
Android,positive
Android,positive
Android,positive
Android,positive
Android,positive
Android,positive
Android,positive
Android,positive
Android,positive
Android,positive
Android,positive
Android,positive
Android,positive
Android,positive
Android,positive
Android,positive
Android,positive
Android,positive
Android,positive
Android,positive
Android,positive
Android,positive
Android,positive
Android,positive
Android,positive
Android,positive
Android,positive
Android,positive
Android,positive
Android,positive
Android,positive
Android,positive
Android,positive
Android,positive
Android,positive
Android,positive
Android,positive
Android,positive
Android,positive
Android,positive
Android,positive
Android,positive
