OCC_CODE,OCC_TITLE,OCC_GROUP,A_MEAN,occ_major
11-0000,Management Occupations,11,"108,570",major
11-1000,Top Executives,11,"120,060",detail
11-1010,Chief Executives,11,"176,840",detail
11-1020,General and Operations Managers,11,"114,850",detail
11-1030,Legislators,11,"38,590",detail
13-0000,Business and Financial Operations Occupations,13,"69,550",major
13-1000,Business Operations Specialists,13,"67,940",detail
13-1010,"Agents and Business Managers of Artists, Performers, and Athletes",13,"88,620",detail
13-1020,Buyers and Purchasing Agents,13,"60,920",detail
13-1021,"Buyers and Purchasing Agents, Farm Products",13,"59,770",detail
13-1022,"Wholesale and Retail Buyers, Except Farm Products",13,"57,420",detail
13-1023,"Purchasing Agents, Except Wholesale, Retail, and Farm Products",13,"62,310",detail
13-1030,"Claims Adjusters, Appraisers, Examiners, and Investigators",13,"61,480",detail
13-1031,"Claims Adjusters, Examiners, and Investigators",13,"61,530",detail
13-1032,"Insurance Appraisers, Auto Damage",13,"60,230",detail
13-1040,Compliance Officers,13,"64,960",detail
13-1050,Cost Estimators,13,"63,080",detail
13-1070,Human Resources Workers,13,"59,890",detail
13-1071,Human Resources Specialists,13,"60,660",detail
13-1074,Farm Labor Contractors,13,"38,590",detail
13-1075,Labor Relations Specialists,13,"56,210",detail
13-1080,Logisticians,13,"75,670",detail
13-1110,Management Analysts,13,"88,070",detail
13-1120,"Meeting, Convention, and Event Planners",13,"49,830",detail
13-1130,Fundraisers,13,"55,220",detail
13-1140,"Compensation, Benefits, and Job Analysis Specialists",13,"62,200",detail
13-1150,Training and Development Specialists,13,"59,560",detail
13-1160,Market Research Analysts and Marketing Specialists,13,"67,380",detail
13-1190,Miscellaneous Business Operations Specialists,13,"70,520",detail
13-2000,Financial Specialists,13,"72,180",major
13-2010,Accountants and Auditors,13,"71,040",detail
13-2020,Appraisers and Assessors of Real Estate,13,"55,180",detail
13-2030,Budget Analysts,13,"72,100",detail
13-2040,Credit Analysts,13,"69,500",detail
13-2050,Financial Analysts and Advisors,13,"86,240",detail
13-2051,Financial Analysts,13,"89,410",detail
13-2052,Personal Financial Advisors,13,"90,820",detail
13-2053,Insurance Underwriters,13,"69,200",detail
13-2060,Financial Examiners,13,"84,220",detail
13-2070,Credit Counselors and Loan Officers,13,"68,010",detail
13-2071,Credit Counselors,13,"43,670",detail
13-2072,Loan Officers,13,"70,350",detail
13-2080,"Tax Examiners, Collectors and Preparers, and Revenue Agents",13,"49,120",detail
13-2081,"Tax Examiners and Collectors, and Revenue Agents",13,"56,050",detail
13-2082,Tax Preparers,13,"41,700",detail
13-2090,Miscellaneous Financial Specialists,13,"67,020",detail
15-0000,Computer and Mathematical Occupations,15,"80,180",major
15-1100,Computer Occupations,15,"80,020",detail
15-1110,Computer and Information Research Scientists,15,"103,670",detail
15-1120,Computer and Information Analysts,15,"84,520",detail
15-1121,Computer Systems Analysts,15,"83,800",detail
15-1122,Information Security Analysts,15,"89,290",detail
15-1130,Software Developers and Programmers,15,"90,470",detail
15-1131,Computer Programmers,15,"78,260",detail
15-1132,"Software Developers, Applications",15,"93,280",detail
15-1133,"Software Developers, Systems Software",15,"102,550",detail
15-1134,Web Developers,15,"66,100",detail
15-1140,Database and Systems Administrators and Network Architects,15,"80,910",detail
15-1141,Database Administrators,15,"79,120",detail
15-1142,Network and Computer Systems Administrators,15,"76,320",detail
15-1143,Computer Network Architects,15,"94,000",detail
15-1150,Computer Support Specialists,15,"53,230",detail
15-1151,Computer User Support Specialists,15,"50,130",detail
15-1152,Computer Network Support Specialists,15,"62,960",detail
15-1190,Miscellaneous Computer Occupations,15,"81,860",detail
15-1199,"Computer Occupations, All Other",15,"81,860",detail
15-2000,Mathematical Science Occupations,15,"84,740",detail
15-2010,Actuaries,15,"106,680",detail
15-2020,Mathematicians,15,"101,280",detail
15-2030,Operations Research Analysts,15,"79,830",detail
15-2040,Statisticians,15,"79,570",detail
15-2090,Miscellaneous Mathematical Science Occupations,15,"63,720",detail
15-2091,Mathematical Technicians,15,"64,220",detail
15-2099,"Mathematical Science Occupations, All Other",15,"63,250",detail
17-0000,Architecture and Engineering Occupations,17,"79,000",major
17-1000,"Architects, Surveyors, and Cartographers",17,"71,040",detail
17-1010,"Architects, Except Naval",17,"76,990",detail
17-1011,"Architects, Except Landscape and Naval",17,"78,690",detail
17-1012,Landscape Architects,17,"68,030",detail
17-1020,"Surveyors, Cartographers, and Photogrammetrists",17,"59,720",detail
17-1021,Cartographers and Photogrammetrists,17,"61,640",detail
17-1022,Surveyors,17,"59,180",detail
17-2000,Engineers,17,"90,960",detail
17-2010,Aerospace Engineers,17,"104,810",detail
17-2020,Agricultural Engineers,17,"77,370",detail
17-2030,Biomedical Engineers,17,"91,200",detail
17-2040,Chemical Engineers,17,"102,270",detail
17-2050,Civil Engineers,17,"84,140",detail
17-2060,Computer Hardware Engineers,17,"103,980",detail
17-2070,Electrical and Electronics Engineers,17,"93,380",detail
17-2071,Electrical Engineers,17,"91,810",detail
17-2072,"Electronics Engineers, Except Computer",17,"95,250",detail
17-2080,Environmental Engineers,17,"85,140",detail
17-2110,"Industrial Engineers, Including Health and Safety",17,"81,870",detail
17-2111,"Health and Safety Engineers, Except Mining Safety Engineers and Inspectors",17,"79,760",detail
17-2112,Industrial Engineers,17,"82,100",detail
17-2120,Marine Engineers and Naval Architects,17,"96,140",detail
17-2130,Materials Engineers,17,"87,490",detail
17-2140,Mechanical Engineers,17,"84,770",detail
17-2150,"Mining and Geological Engineers, Including Mining Safety Engineers",17,"91,250",detail
17-2160,Nuclear Engineers,17,"107,140",detail
17-2170,Petroleum Engineers,17,"147,470",detail
17-2190,Miscellaneous Engineers,17,"93,330",detail
17-3000,"Drafters, Engineering Technicians, and Mapping Technicians",17,"53,700",detail
17-3010,Drafters,17,"52,520",detail
17-3011,Architectural and Civil Drafters,17,"50,550",detail
17-3012,Electrical and Electronics Drafters,17,"58,490",detail
17-3013,Mechanical Drafters,17,"53,270",detail
17-3019,"Drafters, All Other",17,"49,050",detail
17-3020,"Engineering Technicians, Except Drafters",17,"55,390",detail
17-3021,Aerospace Engineering and Operations Technicians,17,"61,980",detail
17-3022,Civil Engineering Technicians,17,"49,220",detail
17-3023,Electrical and Electronics Engineering Technicians,17,"58,070",detail
17-3024,Electro-Mechanical Technicians,17,"53,480",detail
17-3025,Environmental Engineering Technicians,17,"49,380",detail
17-3026,Industrial Engineering Technicians,17,"53,100",detail
17-3027,Mechanical Engineering Technicians,17,"53,830",detail
17-3029,"Engineering Technicians, Except Drafters, All Other",17,"60,830",detail
17-3030,Surveying and Mapping Technicians,17,"42,680",detail
19-0000,"Life, Physical, and Social Science Occupations",19,"68,360",major
19-1000,Life Scientists,19,"77,620",detail
19-1010,Agricultural and Food Scientists,19,"64,470",detail
19-1011,Animal Scientists,19,"73,400",detail
19-1012,Food Scientists and Technologists,19,"64,140",detail
19-1013,Soil and Plant Scientists,19,"63,290",detail
19-1020,Biological Scientists,19,"76,630",detail
19-1021,Biochemists and Biophysicists,19,"89,470",detail
19-1022,Microbiologists,19,"73,250",detail
19-1023,Zoologists and Wildlife Biologists,19,"62,500",detail
19-1029,"Biological Scientists, All Other",19,"76,220",detail
19-1030,Conservation Scientists and Foresters,19,"61,400",detail
19-1031,Conservation Scientists,19,"63,590",detail
19-1032,Foresters,19,"57,140",detail
19-1040,Medical Scientists,19,"87,040",detail
19-1041,Epidemiologists,19,"71,400",detail
19-1042,"Medical Scientists, Except Epidemiologists",19,"87,830",detail
19-1090,Miscellaneous Life Scientists,19,"74,740",detail
19-1099,"Life Scientists, All Other",19,"74,740",detail
19-2000,Physical Scientists,19,"83,360",detail
19-2010,Astronomers and Physicists,19,"112,900",detail
19-2011,Astronomers,19,"102,550",detail
19-2012,Physicists,19,"114,150",detail
19-2020,Atmospheric and Space Scientists,19,"90,010",detail
19-2021,Atmospheric and Space Scientists,19,"90,010",detail
19-2030,Chemists and Materials Scientists,19,"77,970",detail
19-2031,Chemists,19,"76,870",detail
19-2032,Materials Scientists,19,"89,740",detail
19-2040,Environmental Scientists and Geoscientists,19,"80,040",detail
19-2041,"Environmental Scientists and Specialists, Including Health",19,"68,970",detail
19-2042,"Geoscientists, Except Hydrologists and Geographers",19,"106,780",detail
19-2043,Hydrologists,19,"78,920",detail
19-2090,Miscellaneous Physical Scientists,19,"93,720",detail
19-2099,"Physical Scientists, All Other",19,"93,720",detail
19-3000,Social Scientists and Related Workers,19,"73,870",detail
19-3010,Economists,19,"99,480",detail
19-3020,Survey Researchers,19,"50,890",detail
19-3030,Psychologists,19,"73,740",detail
19-3031,"Clinical, Counseling, and School Psychologists",19,"72,220",detail
19-3032,Industrial-Organizational Psychologists,19,"98,800",detail
19-3039,"Psychologists, All Other",19,"86,380",detail
19-3040,Sociologists,19,"80,820",detail
19-3050,Urban and Regional Planners,19,"67,950",detail
19-3090,Miscellaneous Social Scientists and Related Workers,19,"78,440",detail
19-3091,Anthropologists and Archeologists,19,"60,230",detail
19-3092,Geographers,19,"74,020",detail
19-3093,Historians,19,"58,240",detail
19-3094,Political Scientists,19,"104,600",detail
19-3099,"Social Scientists and Related Workers, All Other",19,"79,560",detail
19-4000,"Life, Physical, and Social Science Technicians",19,"44,950",detail
19-4010,Agricultural and Food Science Technicians,19,"36,390",detail
19-4020,Biological Technicians,19,"42,600",detail
19-4030,Chemical Technicians,19,"46,130",detail
19-4040,Geological and Petroleum Technicians,19,"59,880",detail
19-4050,Nuclear Technicians,19,"69,720",detail
19-4060,Social Science Research Assistants,19,"40,760",detail
19-4090,"Miscellaneous Life, Physical, and Social Science Technicians",19,"44,480",detail
19-4091,"Environmental Science and Protection Technicians, Including Health",19,"44,570",detail
19-4092,Forensic Science Technicians,19,"55,730",detail
19-4093,Forest and Conservation Technicians,19,"37,030",detail
19-4099,"Life, Physical, and Social Science Technicians, All Other",19,"46,130",detail
21-0000,Community and Social Service Occupations,21,"44,240",major
21-1000,"Counselors, Social Workers, and Other Community and Social Service Specialists",21,"44,220",detail
21-1010,Counselors,21,"47,510",detail
21-1011,Substance Abuse and Behavioral Disorder Counselors,21,"40,920",detail
21-1012,"Educational, Guidance, School, and Vocational Counselors",21,"56,170",detail
21-1013,Marriage and Family Therapists,21,"49,270",detail
21-1014,Mental Health Counselors,21,"43,290",detail
21-1015,Rehabilitation Counselors,21,"37,330",detail
21-1019,"Counselors, All Other",21,"46,060",detail
21-1020,Social Workers,21,"47,370",detail
21-1021,"Child, Family, and School Social Workers",21,"45,300",detail
21-1022,Healthcare Social Workers,21,"51,460",detail
21-1023,Mental Health and Substance Abuse Social Workers,21,"43,340",detail
21-1029,"Social Workers, All Other",21,"54,870",detail
21-1090,Miscellaneous Community and Social Service Specialists,21,"38,200",detail
21-1091,Health Educators,21,"53,100",detail
21-1092,Probation Officers and Correctional Treatment Specialists,21,"52,380",detail
21-1093,Social and Human Service Assistants,21,"30,880",detail
21-1094,Community Health Workers,21,"37,490",detail
21-1099,"Community and Social Service Specialists, All Other",21,"43,660",detail
21-2000,Religious Workers,21,"44,540",detail
21-2010,Clergy,21,"47,880",detail
21-2020,"Directors, Religious Activities and Education",21,"42,640",detail
21-2090,Miscellaneous Religious Workers,21,"30,650",detail
23-0000,Legal Occupations,23,"98,570",major
23-1000,"Lawyers, Judges, and Related Workers",23,"126,860",detail
23-1010,Lawyers and Judicial Law Clerks,23,"129,410",detail
23-1011,Lawyers,23,"130,880",detail
23-1012,Judicial Law Clerks,23,"52,610",detail
23-1020,"Judges, Magistrates, and Other Judicial Workers",23,"95,340",detail
23-1021,"Administrative Law Judges, Adjudicators, and Hearing Officers",23,"89,970",detail
23-1022,"Arbitrators, Mediators, and Conciliators",23,"77,200",detail
23-1023,"Judges, Magistrate Judges, and Magistrates",23,"102,470",detail
23-2000,Legal Support Workers,23,"51,100",detail
23-2010,Paralegals and Legal Assistants,23,"50,220",detail
23-2090,Miscellaneous Legal Support Workers,23,"53,150",detail
23-2091,Court Reporters,23,"53,010",detail
23-2093,"Title Examiners, Abstractors, and Searchers",23,"46,310",detail
23-2099,"Legal Support Workers, All Other",23,"60,390",detail
25-0000,"Education, Training, and Library Occupations",25,"51,210",major
25-1000,Postsecondary Teachers,25,"73,770",detail
25-1010,"Business Teachers, Postsecondary",25,"85,730",detail
25-1020,"Math and Computer Teachers, Postsecondary",25,"75,800",detail
25-1021,"Computer Science Teachers, Postsecondary",25,"79,870",detail
25-1022,"Mathematical Science Teachers, Postsecondary",25,"73,190",detail
25-1030,"Engineering and Architecture Teachers, Postsecondary",25,"96,330",detail
25-1031,"Architecture Teachers, Postsecondary",25,"78,770",detail
25-1032,"Engineering Teachers, Postsecondary",25,"100,100",detail
25-1040,"Life Sciences Teachers, Postsecondary",25,"86,350",detail
25-1041,"Agricultural Sciences Teachers, Postsecondary",25,"83,990",detail
25-1042,"Biological Science Teachers, Postsecondary",25,"87,060",detail
25-1043,"Forestry and Conservation Science Teachers, Postsecondary",25,"82,020",detail
25-1050,"Physical Sciences Teachers, Postsecondary",25,"86,130",detail
25-1051,"Atmospheric, Earth, Marine, and Space Sciences Teachers, Postsecondary",25,"91,930",detail
25-1052,"Chemistry Teachers, Postsecondary",25,"81,460",detail
25-1053,"Environmental Science Teachers, Postsecondary",25,"86,080",detail
25-1054,"Physics Teachers, Postsecondary",25,"88,470",detail
25-1060,"Social Sciences Teachers, Postsecondary",25,"79,290",detail
25-1061,"Anthropology and Archeology Teachers, Postsecondary",25,"82,860",detail
25-1062,"Area, Ethnic, and Cultural Studies Teachers, Postsecondary",25,"77,690",detail
25-1063,"Economics Teachers, Postsecondary",25,"97,770",detail
25-1064,"Geography Teachers, Postsecondary",25,"71,890",detail
25-1065,"Political Science Teachers, Postsecondary",25,"81,860",detail
25-1066,"Psychology Teachers, Postsecondary",25,"74,240",detail
25-1067,"Sociology Teachers, Postsecondary",25,"73,080",detail
25-1069,"Social Sciences Teachers, Postsecondary, All Other",25,"82,570",detail
25-1070,"Health Teachers, Postsecondary",25,"91,810",detail
25-1071,"Health Specialties Teachers, Postsecondary",25,"100,370",detail
25-1072,"Nursing Instructors and Teachers, Postsecondary",25,"68,640",detail
25-1080,"Education and Library Science Teachers, Postsecondary",25,"65,380",detail
25-1081,"Education Teachers, Postsecondary",25,"65,000",detail
25-1082,"Library Science Teachers, Postsecondary",25,"70,770",detail
25-1110,"Law, Criminal Justice, and Social Work Teachers, Postsecondary",25,"85,300",detail
25-1111,"Criminal Justice and Law Enforcement Teachers, Postsecondary",25,"62,770",detail
25-1112,"Law Teachers, Postsecondary",25,"115,550",detail
25-1113,"Social Work Teachers, Postsecondary",25,"70,430",detail
25-1120,"Arts, Communications, and Humanities Teachers, Postsecondary",25,"70,450",detail
25-1121,"Art, Drama, and Music Teachers, Postsecondary",25,"73,340",detail
25-1122,"Communications Teachers, Postsecondary",25,"68,540",detail
25-1123,"English Language and Literature Teachers, Postsecondary",25,"67,980",detail
25-1124,"Foreign Language and Literature Teachers, Postsecondary",25,"66,730",detail
25-1125,"History Teachers, Postsecondary",25,"73,090",detail
25-1126,"Philosophy and Religion Teachers, Postsecondary",25,"71,210",detail
25-1190,Miscellaneous Postsecondary Teachers,25,"59,110",detail
25-1191,Graduate Teaching Assistants,25,"33,030",detail
25-1192,"Home Economics Teachers, Postsecondary",25,"68,260",detail
25-1193,"Recreation and Fitness Studies Teachers, Postsecondary",25,"64,490",detail
25-1194,"Vocational Education Teachers, Postsecondary",25,"52,770",detail
25-1199,"Postsecondary Teachers, All Other",25,"77,500",detail
25-2000,"Preschool, Primary, Secondary, and Special Education School Teachers",25,"54,550",detail
25-2010,Preschool and Kindergarten Teachers,25,"37,800",detail
25-2011,"Preschool Teachers, Except Special Education",25,"30,750",detail
25-2012,"Kindergarten Teachers, Except Special Education",25,"53,030",detail
25-2020,Elementary and Middle School Teachers,25,"56,180",detail
25-2021,"Elementary School Teachers, Except Special Education",25,"56,130",detail
25-2022,"Middle School Teachers, Except Special and Career/Technical Education",25,"56,280",detail
25-2023,"Career/Technical Education Teachers, Middle School",25,"56,270",detail
25-2030,Secondary School Teachers,25,"57,710",detail
25-2031,"Secondary School Teachers, Except Special and Career/Technical Education",25,"57,770",detail
25-2032,"Career/Technical Education Teachers, Secondary School",25,"57,140",detail
25-2050,Special Education Teachers,25,"58,140",detail
25-2051,"Special Education Teachers, Preschool",25,"57,770",detail
25-2052,"Special Education Teachers, Kindergarten and Elementary School",25,"56,700",detail
25-2053,"Special Education Teachers, Middle School",25,"59,320",detail
25-2054,"Special Education Teachers, Secondary School",25,"60,090",detail
25-2059,"Special Education Teachers, All Other",25,"56,160",detail
25-3000,Other Teachers and Instructors,25,"37,340",detail
25-3010,Adult Basic and Secondary Education and Literacy Teachers and Instructors,25,"52,130",detail
25-3011,Adult Basic and Secondary Education and Literacy Teachers and Instructors,25,"52,130",detail
25-3020,Self-Enrichment Education Teachers,25,"40,360",detail
25-3021,Self-Enrichment Education Teachers,25,"40,360",detail
25-3090,Miscellaneous Teachers and Instructors,25,"35,630",detail
25-3098,Substitute Teachers,25,"29,590",detail
25-3099,"Teachers and Instructors, All Other, Except Substitute Teachers",25,"49,430",detail
25-4000,"Librarians, Curators, and Archivists",25,"47,060",detail
25-4010,"Archivists, Curators, and Museum Technicians",25,"49,180",detail
25-4011,Archivists,25,"50,810",detail
25-4012,Curators,25,"54,600",detail
25-4013,Museum Technicians and Conservators,25,"42,920",detail
25-4020,Librarians,25,"57,190",detail
25-4030,Library Technicians,25,"32,320",detail
25-4031,Library Technicians,25,"32,320",detail
25-9000,"Other Education, Training, and Library Occupations",25,"30,180",detail
25-9010,Audio-Visual and Multimedia Collections Specialists,25,"45,820",detail
25-9020,Farm and Home Management Advisors,25,"48,730",detail
25-9030,Instructional Coordinators,25,"62,420",detail
25-9040,Teacher Assistants,25,"25,310",detail
25-9090,"Miscellaneous Education, Training, and Library Workers",25,"41,280",detail
25-9099,"Education, Training, and Library Workers, All Other",25,"41,280",detail
27-0000,"Arts, Design, Entertainment, Sports, and Media Occupations",27,"54,490",major
27-1000,Art and Design Workers,27,"49,960",detail
27-1010,Artists and Related Workers,27,"73,870",detail
27-1011,Art Directors,27,"94,260",detail
27-1012,Craft Artists,27,"35,240",detail
27-1013,"Fine Artists, Including Painters, Sculptors, and Illustrators",27,"54,000",detail
27-1014,Multimedia Artists and Animators,27,"69,560",detail
27-1019,"Artists and Related Workers, All Other",27,"61,680",detail
27-1020,Designers,27,"45,060",detail
27-1021,Commercial and Industrial Designers,27,"62,430",detail
27-1022,Fashion Designers,27,"72,620",detail
27-1023,Floral Designers,27,"25,550",detail
27-1024,Graphic Designers,27,"48,730",detail
27-1025,Interior Designers,27,"52,970",detail
27-1026,Merchandise Displayers and Window Trimmers,27,"28,860",detail
27-1027,Set and Exhibit Designers,27,"54,310",detail
27-1029,"Designers, All Other",27,"51,080",detail
27-2000,"Entertainers and Performers, Sports and Related Workers",27,"56,890",detail
27-2010,"Actors, Producers, and Directors",27,"84,520",detail
27-2012,Producers and Directors,27,"92,390",detail
27-2020,"Athletes, Coaches, Umpires, and Related Workers",27,"38,520",detail
27-2021,Athletes and Sports Competitors,27,"75,760",detail
27-2022,Coaches and Scouts,27,"36,680",detail
27-2023,"Umpires, Referees, and Other Sports Officials",27,"32,600",detail
27-2030,Dancers and Choreographers,27,"41,680",detail
27-2032,Choreographers,27,"44,930",detail
27-2041,Music Directors and Composers,27,"53,420",detail
27-3000,Media and Communication Workers,27,"59,180",detail
27-3010,Announcers,27,"41,490",detail
27-3011,Radio and Television Announcers,27,"41,860",detail
27-3012,Public Address System and Other Announcers,27,"40,070",detail
27-3020,"News Analysts, Reporters and Correspondents",27,"48,510",detail
27-3021,Broadcast News Analysts,27,"78,380",detail
27-3022,Reporters and Correspondents,27,"45,120",detail
27-3030,Public Relations Specialists,27,"61,980",detail
27-3031,Public Relations Specialists,27,"61,980",detail
27-3040,Writers and Editors,27,"65,130",detail
27-3041,Editors,27,"62,440",detail
27-3042,Technical Writers,27,"67,910",detail
27-3043,Writers and Authors,27,"68,420",detail
27-3090,Miscellaneous Media and Communication Workers,27,"53,150",detail
27-3091,Interpreters and Translators,27,"53,410",detail
27-3099,"Media and Communication Workers, All Other",27,"52,550",detail
27-4000,Media and Communication Equipment Workers,27,"47,350",detail
27-4010,Broadcast and Sound Engineering Technicians and Radio Operators,27,"46,690",detail
27-4011,Audio and Video Equipment Technicians,27,"46,040",detail
27-4012,Broadcast Technicians,27,"44,050",detail
27-4013,Radio Operators,27,"43,240",detail
27-4014,Sound Engineering Technicians,27,"55,340",detail
27-4020,Photographers,27,"36,330",detail
27-4030,"Television, Video, and Motion Picture Camera Operators and Editors",27,"57,540",detail
27-4031,"Camera Operators, Television, Video, and Motion Picture",27,"49,010",detail
27-4032,Film and Video Editors,27,"64,060",detail
27-4090,Miscellaneous Media and Communication Equipment Workers,27,"68,570",detail
27-4099,"Media and Communication Equipment Workers, All Other",27,"68,570",detail
29-0000,Healthcare Practitioners and Technical Occupations,29,"73,540",major
29-1000,Health Diagnosing and Treating Practitioners,29,"91,890",detail
29-1010,Chiropractors,29,"79,550",detail
29-1020,Dentists,29,"166,910",detail
29-1021,"Dentists, General",29,"163,240",detail
29-1022,Oral and Maxillofacial Surgeons,29,"216,440",detail
29-1023,Orthodontists,29,"186,320",detail
29-1024,Prosthodontists,29,"168,120",detail
29-1029,"Dentists, All Other Specialists",29,"164,780",detail
29-1030,Dietitians and Nutritionists,29,"56,170",detail
29-1040,Optometrists,29,"109,810",detail
29-1050,Pharmacists,29,"114,950",detail
29-1060,Physicians and Surgeons,29,"190,060",detail
29-1061,Anesthesiologists,29,"232,830",detail
29-1062,Family and General Practitioners,29,"180,850",detail
29-1063,"Internists, General",29,"191,520",detail
29-1064,Obstetricians and Gynecologists,29,"216,760",detail
29-1065,"Pediatricians, General",29,"167,640",detail
29-1066,Psychiatrists,29,"177,520",detail
29-1067,Surgeons,29,"230,540",detail
29-1069,"Physicians and Surgeons, All Other",29,"184,820",detail
29-1070,Physician Assistants,29,"92,460",detail
29-1080,Podiatrists,29,"132,470",detail
29-1120,Therapists,29,"71,760",detail
29-1122,Occupational Therapists,29,"76,400",detail
29-1123,Physical Therapists,29,"81,110",detail
29-1124,Radiation Therapists,29,"80,410",detail
29-1125,Recreational Therapists,29,"44,280",detail
29-1126,Respiratory Therapists,29,"57,200",detail
29-1127,Speech-Language Pathologists,29,"72,730",detail
29-1128,Exercise Physiologists,29,"47,610",detail
29-1129,"Therapists, All Other",29,"56,760",detail
29-1130,Veterinarians,29,"93,250",detail
29-1140,Registered Nurses,29,"67,930",detail
29-1150,Nurse Anesthetists,29,"154,390",detail
29-1160,Nurse Midwives,29,"91,070",detail
29-1170,Nurse Practitioners,29,"91,450",detail
29-1180,Audiologists,29,"72,890",detail
29-1190,Miscellaneous Health Diagnosing and Treating Practitioners,29,"85,740",detail
29-1199,"Health Diagnosing and Treating Practitioners, All Other",29,"85,740",detail
29-2000,Health Technologists and Technicians,29,"43,930",detail
29-2010,Clinical Laboratory Technologists and Technicians,29,"49,070",detail
29-2011,Medical and Clinical Laboratory Technologists,29,"58,640",detail
29-2012,Medical and Clinical Laboratory Technicians,29,"39,340",detail
29-2020,Dental Hygienists,29,"70,700",detail
29-2030,Diagnostic Related Technologists and Technicians,29,"59,170",detail
29-2031,Cardiovascular Technologists and Technicians,29,"53,050",detail
29-2032,Diagnostic Medical Sonographers,29,"66,360",detail
29-2033,Nuclear Medicine Technologists,29,"70,840",detail
29-2034,Radiologic Technologists,29,"56,450",detail
29-2035,Magnetic Resonance Imaging Technologists,29,"65,410",detail
29-2040,Emergency Medical Technicians and Paramedics,29,"34,370",detail
29-2041,Emergency Medical Technicians and Paramedics,29,"34,370",detail
29-2050,Health Practitioner Support Technologists and Technicians,29,"33,240",detail
29-2051,Dietetic Technicians,29,"28,680",detail
29-2052,Pharmacy Technicians,29,"30,430",detail
29-2053,Psychiatric Technicians,29,"33,140",detail
29-2054,Respiratory Therapy Technicians,29,"47,510",detail
29-2055,Surgical Technologists,29,"43,480",detail
29-2056,Veterinary Technologists and Technicians,29,"31,470",detail
29-2057,Ophthalmic Medical Technicians,29,"35,590",detail
29-2060,Licensed Practical and Licensed Vocational Nurses,29,"42,400",detail
29-2070,Medical Records and Health Information Technicians,29,"36,770",detail
29-2080,"Opticians, Dispensing",29,"35,010",detail
29-2090,Miscellaneous Health Technologists and Technicians,29,"46,590",detail
29-2091,Orthotists and Prosthetists,29,"69,960",detail
29-2092,Hearing Aid Specialists,29,"46,780",detail
29-2099,"Health Technologists and Technicians, All Other",29,"44,400",detail
29-9000,Other Healthcare Practitioners and Technical Occupations,29,"57,960",detail
29-9010,Occupational Health and Safety Specialists and Technicians,29,"65,000",detail
29-9011,Occupational Health and Safety Specialists,29,"67,960",detail
29-9012,Occupational Health and Safety Technicians,29,"50,150",detail
29-9090,Miscellaneous Health Practitioners and Technical Workers,29,"50,860",detail
29-9091,Athletic Trainers,29,"44,010",detail
29-9092,Genetic Counselors,29,"55,820",detail
29-9099,"Healthcare Practitioners and Technical Workers, All Other",29,"53,610",detail
31-0000,Healthcare Support Occupations,31,"27,780",major
31-1000,"Nursing, Psychiatric, and Home Health Aides",31,"24,320",detail
31-1011,Home Health Aides,31,"21,830",detail
31-1013,Psychiatric Aides,31,"26,680",detail
31-1014,Nursing Assistants,31,"25,620",detail
31-1015,Orderlies,31,"25,700",detail
31-2000,Occupational Therapy and Physical Therapist Assistants and Aides,31,"42,920",detail
31-2010,Occupational Therapy Assistants and Aides,31,"48,160",detail
31-2011,Occupational Therapy Assistants,31,"53,090",detail
31-2012,Occupational Therapy Aides,31,"29,870",detail
31-2020,Physical Therapist Assistants and Aides,31,"41,260",detail
31-2021,Physical Therapist Assistants,31,"52,320",detail
31-2022,Physical Therapist Aides,31,"25,410",detail
31-9000,Other Healthcare Support Occupations,31,"32,100",detail
31-9010,Massage Therapists,31,"40,350",detail
31-9090,Miscellaneous Healthcare Support Occupations,31,"31,640",detail
31-9091,Dental Assistants,31,"35,080",detail
31-9092,Medical Assistants,31,"30,550",detail
31-9093,Medical Equipment Preparers,31,"32,260",detail
31-9094,Medical Transcriptionists,31,"34,650",detail
31-9095,Pharmacy Aides,31,"23,460",detail
31-9096,Veterinary Assistants and Laboratory Animal Caretakers,31,"24,740",detail
31-9097,Phlebotomists,31,"30,910",detail
31-9099,"Healthcare Support Workers, All Other",31,"33,880",detail
33-0000,Protective Service Occupations,33,"43,050",major
33-1000,Supervisors of Protective Service Workers,33,"68,170",detail
33-1010,First-Line Supervisors of Law Enforcement Workers,33,"75,530",detail
33-1011,First-Line Supervisors of Correctional Officers,33,"60,970",detail
33-1012,First-Line Supervisors of Police and Detectives,33,"82,060",detail
33-1020,First-Line Supervisors of Fire Fighting and Prevention Workers,33,"71,190",detail
33-1090,"Miscellaneous First-Line Supervisors, Protective Service Workers",33,"47,940",detail
33-2000,Fire Fighting and Prevention Workers,33,"48,180",detail
33-2010,Firefighters,33,"47,850",detail
33-2020,Fire Inspectors,33,"55,350",detail
33-2021,Fire Inspectors and Investigators,33,"57,400",detail
33-2022,Forest Fire Inspectors and Prevention Specialists,33,"41,860",detail
33-3000,Law Enforcement Workers,33,"54,040",detail
33-3010,"Bailiffs, Correctional Officers, and Jailers",33,"43,410",detail
33-3011,Bailiffs,33,"39,840",detail
33-3012,Correctional Officers and Jailers,33,"43,550",detail
33-3020,Detectives and Criminal Investigators,33,"77,860",detail
33-3030,Fish and Game Wardens,33,"49,400",detail
33-3040,Parking Enforcement Workers,33,"36,810",detail
33-3050,Police Officers,33,"57,770",detail
33-3051,Police and Sheriff's Patrol Officers,33,"57,770",detail
33-3052,Transit and Railroad Police,33,"57,880",detail
33-9000,Other Protective Service Workers,33,"27,790",detail
33-9010,Animal Control Workers,33,"33,470",detail
33-9020,Private Detectives and Investigators,33,"50,780",detail
33-9021,Private Detectives and Investigators,33,"50,780",detail
33-9030,Security Guards and Gaming Surveillance Officers,33,"27,290",detail
33-9031,Gaming Surveillance Officers and Gaming Investigators,33,"32,040",detail
33-9032,Security Guards,33,"27,240",detail
33-9090,Miscellaneous Protective Service Workers,33,"27,530",detail
33-9091,Crossing Guards,33,"26,160",detail
33-9092,"Lifeguards, Ski Patrol, and Other Recreational Protective Service Workers",33,"20,720",detail
33-9093,Transportation Security Screeners,33,"37,130",detail
33-9099,"Protective Service Workers, All Other",33,"33,680",detail
35-0000,Food Preparation and Serving Related Occupations,35,"21,380",major
35-1000,Supervisors of Food Preparation and Serving Workers,35,"33,390",detail
35-1011,Chefs and Head Cooks,35,"46,570",detail
35-1012,First-Line Supervisors of Food Preparation and Serving Workers,35,"31,820",detail
35-2000,Cooks and Food Preparation Workers,35,"21,890",detail
35-2010,Cooks,35,"22,260",detail
35-2011,"Cooks, Fast Food",35,"18,780",detail
35-2012,"Cooks, Institution and Cafeteria",35,"24,340",detail
35-2013,"Cooks, Private Household",35,"27,840",detail
35-2014,"Cooks, Restaurant",35,"23,300",detail
35-2015,"Cooks, Short Order",35,"21,240",detail
35-2019,"Cooks, All Other",35,"25,310",detail
35-2020,Food Preparation Workers,35,"20,910",detail
35-3000,Food and Beverage Serving Workers,35,"19,840",detail
35-3010,Bartenders,35,"21,630",detail
35-3020,Fast Food and Counter Workers,35,"18,810",detail
35-3021,"Combined Food Preparation and Serving Workers, Including Fast Food",35,"18,720",detail
35-3022,"Counter Attendants, Cafeteria, Food Concession, and Coffee Shop",35,"19,430",detail
35-3030,Waiters and Waitresses,35,"20,710",detail
35-3040,"Food Servers, Nonrestaurant",35,"22,010",detail
35-9000,Other Food Preparation and Serving Related Workers,35,"19,470",detail
35-9010,Dining Room and Cafeteria Attendants and Bartender Helpers,35,"19,690",detail
35-9020,Dishwashers,35,"18,930",detail
35-9030,"Hosts and Hostesses, Restaurant, Lounge, and Coffee Shop",35,"19,570",detail
35-9090,Miscellaneous Food Preparation and Serving Related Workers,35,"23,390",detail
35-9099,"Food Preparation and Serving Related Workers, All Other",35,"23,390",detail
37-0000,Building and Grounds Cleaning and Maintenance Occupations,37,"25,670",major
37-1000,Supervisors of Building and Grounds Cleaning and Maintenance Workers,37,"40,500",detail
37-1010,First-Line Supervisors of Building and Grounds Cleaning and Maintenance Workers,37,"40,500",detail
37-1011,First-Line Supervisors of Housekeeping and Janitorial Workers,37,"37,830",detail
37-1012,"First-Line Supervisors of Landscaping, Lawn Service, and Groundskeeping Workers",37,"45,100",detail
37-2000,Building Cleaning and Pest Control Workers,37,"24,130",detail
37-2010,Building Cleaning Workers,37,"23,970",detail
37-2011,"Janitors and Cleaners, Except Maids and Housekeeping Cleaners",37,"24,850",detail
37-2012,Maids and Housekeeping Cleaners,37,"21,820",detail
37-2019,"Building Cleaning Workers, All Other",37,"29,390",detail
37-2020,Pest Control Workers,37,"32,190",detail
37-3000,Grounds Maintenance Workers,37,"26,460",detail
37-3011,Landscaping and Groundskeeping Workers,37,"25,870",detail
37-3012,"Pesticide Handlers, Sprayers, and Applicators, Vegetation",37,"32,000",detail
37-3013,Tree Trimmers and Pruners,37,"33,850",detail
37-3019,"Grounds Maintenance Workers, All Other",37,"30,620",detail
39-0000,Personal Care and Service Occupations,39,"24,550",major
39-1000,Supervisors of Personal Care and Service Workers,39,"39,740",detail
39-1010,First-Line Supervisors of Gaming Workers,39,"46,010",detail
39-1011,Gaming Supervisors,39,"49,700",detail
39-1012,Slot Supervisors,39,"34,200",detail
39-1020,First-Line Supervisors of Personal Service Workers,39,"38,300",detail
39-1021,First-Line Supervisors of Personal Service Workers,39,"38,300",detail
39-2000,Animal Care and Service Workers,39,"22,920",detail
39-2010,Animal Trainers,39,"30,340",detail
39-2020,Nonfarm Animal Caretakers,39,"22,370",detail
39-3000,Entertainment Attendants and Related Workers,39,"21,280",detail
39-3010,Gaming Services Workers,39,"23,080",detail
39-3011,Gaming Dealers,39,"22,410",detail
39-3012,Gaming and Sports Book Writers and Runners,39,"24,790",detail
39-3019,"Gaming Service Workers, All Other",39,"26,500",detail
39-3020,Motion Picture Projectionists,39,"21,600",detail
39-3030,"Ushers, Lobby Attendants, and Ticket Takers",39,"20,320",detail
39-3031,"Ushers, Lobby Attendants, and Ticket Takers",39,"20,320",detail
39-3090,Miscellaneous Entertainment Attendants and Related Workers,39,"20,870",detail
39-3091,Amusement and Recreation Attendants,39,"20,020",detail
39-3092,Costume Attendants,39,"44,830",detail
39-3093,"Locker Room, Coatroom, and Dressing Room Attendants",39,"21,390",detail
39-3099,"Entertainment Attendants and Related Workers, All Other",39,"27,400",detail
39-4000,Funeral Service Workers,39,"36,820",detail
39-4010,Embalmers,39,"43,680",detail
39-4020,Funeral Attendants,39,"24,250",detail
39-4030,"Morticians, Undertakers, and Funeral Directors",39,"52,690",detail
39-4031,"Morticians, Undertakers, and Funeral Directors",39,"52,690",detail
39-5000,Personal Appearance Workers,39,"26,370",detail
39-5010,"Barbers, Hairdressers, Hairstylists and Cosmetologists",39,"26,820",detail
39-5011,Barbers,39,"27,520",detail
39-5012,"Hairdressers, Hairstylists, and Cosmetologists",39,"26,790",detail
39-5090,Miscellaneous Personal Appearance Workers,39,"24,890",detail
39-5091,"Makeup Artists, Theatrical and Performance",39,"67,580",detail
39-5092,Manicurists and Pedicurists,39,"21,440",detail
39-5093,Shampooers,39,"18,600",detail
39-5094,Skincare Specialists,39,"31,720",detail
39-6010,"Baggage Porters, Bellhops, and Concierges",39,"25,510",detail
39-6011,Baggage Porters and Bellhops,39,"23,090",detail
39-6012,Concierges,39,"29,310",detail
39-7000,Tour and Travel Guides,39,"27,440",detail
39-7011,Tour Guides and Escorts,39,"26,280",detail
39-7012,Travel Guides,39,"36,060",detail
39-9000,Other Personal Care and Service Workers,39,"23,490",detail
39-9010,Childcare Workers,39,"21,310",detail
39-9020,Personal Care Aides,39,"20,830",detail
39-9030,Recreation and Fitness Workers,39,"30,370",detail
39-9031,Fitness Trainers and Aerobics Instructors,39,"36,900",detail
39-9032,Recreation Workers,39,"25,430",detail
39-9040,Residential Advisors,39,"26,470",detail
39-9090,Miscellaneous Personal Care and Service Workers,39,"23,420",detail
39-9099,"Personal Care and Service Workers, All Other",39,"23,420",detail
41-0000,Sales and Related Occupations,41,"37,990",major
41-1000,Supervisors of Sales Workers,41,"47,820",detail
41-1010,First-Line Supervisors of Sales Workers,41,"47,820",detail
41-1011,First-Line Supervisors of Retail Sales Workers,41,"40,910",detail
41-1012,First-Line Supervisors of Non-Retail Sales Workers,41,"82,320",detail
41-2000,Retail Sales Workers,41,"23,610",detail
41-2010,Cashiers,41,"20,410",detail
41-2012,Gaming Change Persons and Booth Cashiers,41,"25,740",detail
41-2020,Counter and Rental Clerks and Parts Salespersons,41,"28,720",detail
41-2021,Counter and Rental Clerks,41,"26,900",detail
41-2022,Parts Salespersons,41,"32,320",detail
41-2030,Retail Salespersons,41,"25,310",detail
41-3000,"Sales Representatives, Services",41,"68,580",detail
41-3010,Advertising Sales Agents,41,"57,270",detail
41-3020,Insurance Sales Agents,41,"63,400",detail
41-3030,"Securities, Commodities, and Financial Services Sales Agents",41,"100,910",detail
41-3040,Travel Agents,41,"36,970",detail
41-3090,"Miscellaneous Sales Representatives, Services",41,"60,770",detail
41-3099,"Sales Representatives, Services, All Other",41,"60,770",detail
41-4010,"Sales Representatives, Wholesale and Manufacturing",41,"68,690",detail
41-4011,"Sales Representatives, Wholesale and Manufacturing, Technical and Scientific Products",41,"85,690",detail
41-4012,"Sales Representatives, Wholesale and Manufacturing, Except Technical and Scientific Products",41,"64,300",detail
41-9000,Other Sales and Related Workers,41,"42,670",detail
41-9010,"Models, Demonstrators, and Product Promoters",41,"28,060",detail
41-9011,Demonstrators and Product Promoters,41,"28,180",detail
41-9012,Models,41,"26,110",detail
41-9020,Real Estate Brokers and Sales Agents,41,"57,210",detail
41-9021,Real Estate Brokers,41,"80,220",detail
41-9022,Real Estate Sales Agents,41,"51,930",detail
41-9030,Sales Engineers,41,"99,290",detail
41-9040,Telemarketers,41,"25,570",detail
41-9090,Miscellaneous Sales and Related Workers,41,"33,160",detail
41-9091,"Door-to-Door Sales Workers, News and Street Vendors, and Related Workers",41,"26,380",detail
41-9099,"Sales and Related Workers, All Other",41,"33,510",detail
43-0000,Office and Administrative Support Occupations,43,"34,410",major
43-1000,Supervisors of Office and Administrative Support Workers,43,"52,830",detail
43-1010,First-Line Supervisors of Office and Administrative Support Workers,43,"52,830",detail
43-2000,Communications Equipment Operators,43,"27,760",detail
43-2010,"Switchboard Operators, Including Answering Service",43,"26,860",detail
43-2020,Telephone Operators,43,"34,670",detail
43-2090,Miscellaneous Communications Equipment Operators,43,"41,530",detail
43-2099,"Communications Equipment Operators, All Other",43,"41,530",detail
43-3000,Financial Clerks,43,"34,420",detail
43-3010,Bill and Account Collectors,43,"34,320",detail
43-3020,Billing and Posting Clerks,43,"34,540",detail
43-3030,"Bookkeeping, Accounting, and Auditing Clerks",43,"36,640",detail
43-3040,Gaming Cage Workers,43,"26,070",detail
43-3050,Payroll and Timekeeping Clerks,43,"38,880",detail
43-3060,Procurement Clerks,43,"38,340",detail
43-3070,Tellers,43,"25,790",detail
43-3090,Miscellaneous Financial Clerks,43,"39,580",detail
43-3099,"Financial Clerks, All Other",43,"39,580",detail
43-4000,Information and Record Clerks,43,"31,940",detail
43-4010,Brokerage Clerks,43,"44,390",detail
43-4020,Correspondence Clerks,43,"36,920",detail
43-4030,"Court, Municipal, and License Clerks",43,"36,950",detail
43-4040,"Credit Authorizers, Checkers, and Clerks",43,"35,680",detail
43-4050,Customer Service Representatives,43,"33,110",detail
43-4060,"Eligibility Interviewers, Government Programs",43,"41,060",detail
43-4070,File Clerks,43,"28,030",detail
43-4080,"Hotel, Motel, and Resort Desk Clerks",43,"21,960",detail
43-4110,"Interviewers, Except Eligibility and Loan",43,"31,270",detail
43-4120,"Library Assistants, Clerical",43,"25,680",detail
43-4130,Loan Interviewers and Clerks,43,"36,180",detail
43-4140,New Accounts Clerks,43,"32,950",detail
43-4150,Order Clerks,43,"31,280",detail
43-4160,"Human Resources Assistants, Except Payroll and Timekeeping",43,"38,340",detail
43-4170,Receptionists and Information Clerks,43,"27,050",detail
43-4180,Reservation and Transportation Ticket Agents and Travel Clerks,43,"33,580",detail
43-4190,Miscellaneous Information and Record Clerks,43,"37,750",detail
43-4199,"Information and Record Clerks, All Other",43,"37,750",detail
43-5000,"Material Recording, Scheduling, Dispatching, and Distributing Workers",43,"32,310",detail
43-5010,Cargo and Freight Agents,43,"42,310",detail
43-5020,Couriers and Messengers,43,"27,020",detail
43-5030,Dispatchers,43,"38,300",detail
43-5031,"Police, Fire, and Ambulance Dispatchers",43,"38,010",detail
43-5032,"Dispatchers, Except Police, Fire, and Ambulance",43,"38,450",detail
43-5040,"Meter Readers, Utilities",43,"38,510",detail
43-5050,Postal Service Workers,43,"51,070",detail
43-5051,Postal Service Clerks,43,"50,460",detail
43-5052,Postal Service Mail Carriers,43,"52,220",detail
43-5053,"Postal Service Mail Sorters, Processors, and Processing Machine Operators",43,"48,750",detail
43-5060,"Production, Planning, and Expediting Clerks",43,"45,450",detail
43-5070,"Shipping, Receiving, and Traffic Clerks",43,"30,700",detail
43-5080,Stock Clerks and Order Fillers,43,"24,440",detail
43-5110,"Weighers, Measurers, Checkers, and Samplers, Recordkeeping",43,"29,750",detail
43-6010,Secretaries and Administrative Assistants,43,"37,780",detail
43-6011,Executive Secretaries and Executive Administrative Assistants,43,"50,220",detail
43-6012,Legal Secretaries,43,"44,380",detail
43-6013,Medical Secretaries,43,"32,670",detail
43-6014,"Secretaries and Administrative Assistants, Except Legal, Medical, and Executive",43,"33,560",detail
43-9000,Other Office and Administrative Support Workers,43,"30,410",detail
43-9010,Computer Operators,43,"39,720",detail
43-9020,Data Entry and Information Processing Workers,43,"31,430",detail
43-9021,Data Entry Keyers,43,"29,220",detail
43-9022,Word Processors and Typists,43,"36,190",detail
43-9030,Desktop Publishers,43,"39,040",detail
43-9040,Insurance Claims and Policy Processing Clerks,43,"37,300",detail
43-9050,"Mail Clerks and Mail Machine Operators, Except Postal Service",43,"28,140",detail
43-9060,"Office Clerks, General",43,"29,270",detail
43-9070,"Office Machine Operators, Except Computer",43,"29,580",detail
43-9080,Proofreaders and Copy Markers,43,"35,110",detail
43-9110,Statistical Assistants,43,"41,010",detail
43-9190,Miscellaneous Office and Administrative Support Workers,43,"33,070",detail
43-9199,"Office and Administrative Support Workers, All Other",43,"33,070",detail
45-0000,"Farming, Fishing, and Forestry Occupations",45,"24,230",major
45-1000,"Supervisors of Farming, Fishing, and Forestry Workers",45,"46,410",detail
45-1010,"First-Line Supervisors of Farming, Fishing, and Forestry Workers",45,"46,410",detail
45-2000,Agricultural Workers,45,"21,920",detail
45-2010,Agricultural Inspectors,45,"42,460",detail
45-2020,Animal Breeders,45,"37,230",detail
45-2040,"Graders and Sorters, Agricultural Products",45,"20,870",detail
45-2090,Miscellaneous Agricultural Workers,45,"21,080",detail
45-2091,Agricultural Equipment Operators,45,"27,390",detail
45-2092,"Farmworkers and Laborers, Crop, Nursery, and Greenhouse",45,"19,990",detail
45-2093,"Farmworkers, Farm, Ranch, and Aquacultural Animals",45,"24,040",detail
45-2099,"Agricultural Workers, All Other",45,"29,120",detail
45-3000,Fishing and Hunting Workers,45,"37,410",detail
45-3010,Fishers and Related Fishing Workers,45,"36,900",detail
45-4000,"Forest, Conservation, and Logging Workers",45,"33,910",detail
45-4010,Forest and Conservation Workers,45,"28,600",detail
45-4020,Logging Workers,45,"35,140",detail
45-4021,Fallers,45,"40,860",detail
45-4022,Logging Equipment Operators,45,"34,130",detail
45-4023,Log Graders and Scalers,45,"33,540",detail
45-4029,"Logging Workers, All Other",45,"34,650",detail
47-0000,Construction and Extraction Occupations,47,"44,960",major
47-1000,Supervisors of Construction and Extraction Workers,47,"63,230",detail
47-1010,First-Line Supervisors of Construction Trades and Extraction Workers,47,"63,230",detail
47-2000,Construction Trades Workers,47,"43,860",detail
47-2010,Boilermakers,47,"55,830",detail
47-2020,"Brickmasons, Blockmasons, and Stonemasons",47,"48,670",detail
47-2021,Brickmasons and Blockmasons,47,"50,370",detail
47-2022,Stonemasons,47,"40,120",detail
47-2030,Carpenters,47,"44,520",detail
47-2040,"Carpet, Floor, and Tile Installers and Finishers",47,"40,590",detail
47-2041,Carpet Installers,47,"40,930",detail
47-2042,"Floor Layers, Except Carpet, Wood, and Hard Tiles",47,"38,450",detail
47-2043,Floor Sanders and Finishers,47,"35,640",detail
47-2044,Tile and Marble Setters,47,"41,820",detail
47-2050,"Cement Masons, Concrete Finishers, and Terrazzo Workers",47,"39,930",detail
47-2051,Cement Masons and Concrete Finishers,47,"39,870",detail
47-2053,Terrazzo Workers and Finishers,47,"42,440",detail
47-2060,Construction Laborers,47,"34,490",detail
47-2070,Construction Equipment Operators,47,"45,510",detail
47-2071,"Paving, Surfacing, and Tamping Equipment Operators",47,"40,170",detail
47-2072,Pile-Driver Operators,47,"55,480",detail
47-2073,Operating Engineers and Other Construction Equipment Operators,47,"46,270",detail
47-2080,"Drywall Installers, Ceiling Tile Installers, and Tapers",47,"43,660",detail
47-2081,Drywall and Ceiling Tile Installers,47,"42,380",detail
47-2082,Tapers,47,"49,940",detail
47-2110,Electricians,47,"53,030",detail
47-2120,Glaziers,47,"42,090",detail
47-2130,Insulation Workers,47,"41,000",detail
47-2131,"Insulation Workers, Floor, Ceiling, and Wall",47,"36,390",detail
47-2132,"Insulation Workers, Mechanical",47,"44,680",detail
47-2140,Painters and Paperhangers,47,"38,590",detail
47-2141,"Painters, Construction and Maintenance",47,"38,590",detail
47-2142,Paperhangers,47,"38,630",detail
47-2150,"Pipelayers, Plumbers, Pipefitters, and Steamfitters",47,"51,480",detail
47-2151,Pipelayers,47,"39,970",detail
47-2152,"Plumbers, Pipefitters, and Steamfitters",47,"52,950",detail
47-2160,Plasterers and Stucco Masons,47,"41,860",detail
47-2170,Reinforcing Iron and Rebar Workers,47,"51,140",detail
47-2180,Roofers,47,"38,760",detail
47-2210,Sheet Metal Workers,47,"46,870",detail
47-2220,Structural Iron and Steel Workers,47,"50,740",detail
47-2230,Solar Photovoltaic Installers,47,"40,620",detail
47-3000,"Helpers, Construction Trades",47,"28,230",detail
47-3011,"Helpers--Brickmasons, Blockmasons, Stonemasons, and Tile and Marble Setters",47,"31,100",detail
47-3012,Helpers--Carpenters,47,"27,230",detail
47-3013,Helpers--Electricians,47,"28,840",detail
47-3014,"Helpers--Painters, Paperhangers, Plasterers, and Stucco Masons",47,"26,360",detail
47-3015,"Helpers--Pipelayers, Plumbers, Pipefitters, and Steamfitters",47,"28,380",detail
47-3016,Helpers--Roofers,47,"25,030",detail
47-3019,"Helpers, Construction Trades, All Other",47,"27,420",detail
47-4000,Other Construction and Related Workers,47,"43,540",detail
47-4010,Construction and Building Inspectors,47,"55,230",detail
47-4020,Elevator Installers and Repairers,47,"74,140",detail
47-4030,Fence Erectors,47,"32,410",detail
47-4040,Hazardous Materials Removal Workers,47,"41,660",detail
47-4050,Highway Maintenance Workers,47,"36,240",detail
47-4060,Rail-Track Laying and Maintenance Equipment Operators,47,"46,200",detail
47-4070,Septic Tank Servicers and Sewer Pipe Cleaners,47,"35,970",detail
47-4090,Miscellaneous Construction and Related Workers,47,"38,260",detail
47-4091,Segmental Pavers,47,"35,740",detail
47-4099,"Construction and Related Workers, All Other",47,"38,380",detail
47-5000,Extraction Workers,47,"44,010",detail
47-5010,"Derrick, Rotary Drill, and Service Unit Operators, Oil, Gas, and Mining",47,"49,960",detail
47-5011,"Derrick Operators, Oil and Gas",47,"48,740",detail
47-5012,"Rotary Drill Operators, Oil and Gas",47,"56,540",detail
47-5013,"Service Unit Operators, Oil, Gas, and Mining",47,"47,540",detail
47-5020,"Earth Drillers, Except Oil and Gas",47,"43,840",detail
47-5030,"Explosives Workers, Ordnance Handling Experts, and Blasters",47,"49,380",detail
47-5040,Mining Machine Operators,47,"49,120",detail
47-5041,Continuous Mining Machine Operators,47,"50,940",detail
47-5042,Mine Cutting and Channeling Machine Operators,47,"46,540",detail
47-5049,"Mining Machine Operators, All Other",47,"46,590",detail
47-5050,"Rock Splitters, Quarry",47,"33,870",detail
47-5060,"Roof Bolters, Mining",47,"54,240",detail
47-5070,"Roustabouts, Oil and Gas",47,"35,800",detail
47-5080,Helpers--Extraction Workers,47,"33,660",detail
47-5090,Miscellaneous Extraction Workers,47,"39,710",detail
47-5099,"Extraction Workers, All Other",47,"39,710",detail
49-0000,"Installation, Maintenance, and Repair Occupations",49,"43,870",major
49-1000,"Supervisors of Installation, Maintenance, and Repair Workers",49,"62,540",detail
49-1010,"First-Line Supervisors of Mechanics, Installers, and Repairers",49,"62,540",detail
49-2000,"Electrical and Electronic Equipment Mechanics, Installers, and Repairers",49,"48,280",detail
49-2010,"Computer, Automated Teller, and Office Machine Repairers",49,"38,550",detail
49-2011,"Computer, Automated Teller, and Office Machine Repairers",49,"38,550",detail
49-2020,Radio and Telecommunications Equipment Installers and Repairers,49,"53,180",detail
49-2021,"Radio, Cellular, and Tower Equipment Installers and Repairers",49,"46,260",detail
49-2022,"Telecommunications Equipment Installers and Repairers, Except Line Installers",49,"53,710",detail
49-2090,"Miscellaneous Electrical and Electronic Equipment Mechanics, Installers, and Repairers",49,"48,310",detail
49-2091,Avionics Technicians,49,"55,440",detail
49-2092,"Electric Motor, Power Tool, and Related Repairers",49,"38,470",detail
49-2093,"Electrical and Electronics Installers and Repairers, Transportation Equipment",49,"52,850",detail
49-2094,"Electrical and Electronics Repairers, Commercial and Industrial Equipment",49,"52,940",detail
49-2095,"Electrical and Electronics Repairers, Powerhouse, Substation, and Relay",49,"67,380",detail
49-2096,"Electronic Equipment Installers and Repairers, Motor Vehicles",49,"33,600",detail
49-2097,Electronic Home Entertainment Equipment Installers and Repairers,49,"36,940",detail
49-2098,Security and Fire Alarm Systems Installers,49,"43,210",detail
49-3000,"Vehicle and Mobile Equipment Mechanics, Installers, and Repairers",49,"40,780",detail
49-3010,Aircraft Mechanics and Service Technicians,49,"55,690",detail
49-3011,Aircraft Mechanics and Service Technicians,49,"55,690",detail
49-3020,Automotive Technicians and Repairers,49,"39,460",detail
49-3021,Automotive Body and Related Repairers,49,"41,840",detail
49-3022,Automotive Glass Installers and Repairers,49,"33,580",detail
49-3023,Automotive Service Technicians and Mechanics,49,"39,060",detail
49-3030,Bus and Truck Mechanics and Diesel Engine Specialists,49,"43,660",detail
49-3040,Heavy Vehicle and Mobile Equipment Service Technicians and Mechanics,49,"44,780",detail
49-3041,Farm Equipment Mechanics and Service Technicians,49,"35,680",detail
49-3042,"Mobile Heavy Equipment Mechanics, Except Engines",49,"47,140",detail
49-3043,Rail Car Repairers,49,"47,430",detail
49-3050,Small Engine Mechanics,49,"34,190",detail
49-3051,Motorboat Mechanics and Service Technicians,49,"37,140",detail
49-3052,Motorcycle Mechanics,49,"34,910",detail
49-3053,Outdoor Power Equipment and Other Small Engine Mechanics,49,"31,820",detail
49-3090,"Miscellaneous Vehicle and Mobile Equipment Mechanics, Installers, and Repairers",49,"26,410",detail
49-3091,Bicycle Repairers,49,"25,250",detail
49-3092,Recreational Vehicle Service Technicians,49,"36,120",detail
49-3093,Tire Repairers and Changers,49,"25,440",detail
49-9000,"Other Installation, Maintenance, and Repair Occupations",49,"41,600",detail
49-9010,Control and Valve Installers and Repairers,49,"48,180",detail
49-9011,Mechanical Door Repairers,49,"38,590",detail
49-9012,"Control and Valve Installers and Repairers, Except Mechanical Door",49,"51,930",detail
49-9020,"Heating, Air Conditioning, and Refrigeration Mechanics and Installers",49,"45,830",detail
49-9030,Home Appliance Repairers,49,"37,270",detail
49-9040,"Industrial Machinery Installation, Repair, and Maintenance Workers",49,"47,500",detail
49-9041,Industrial Machinery Mechanics,49,"48,690",detail
49-9043,"Maintenance Workers, Machinery",49,"42,190",detail
49-9044,Millwrights,49,"50,730",detail
49-9045,"Refractory Materials Repairers, Except Brickmasons",49,"41,870",detail
49-9050,Line Installers and Repairers,49,"56,670",detail
49-9051,Electrical Power-Line Installers and Repairers,49,"62,280",detail
49-9052,Telecommunications Line Installers and Repairers,49,"51,920",detail
49-9060,Precision Instrument and Equipment Repairers,49,"45,960",detail
49-9061,Camera and Photographic Equipment Repairers,49,"41,750",detail
49-9062,Medical Equipment Repairers,49,"46,910",detail
49-9063,Musical Instrument Repairers and Tuners,49,"33,620",detail
49-9064,Watch Repairers,49,"39,570",detail
49-9069,"Precision Instrument and Equipment Repairers, All Other",49,"52,880",detail
49-9070,"Maintenance and Repair Workers, General",49,"37,190",detail
49-9080,Wind Turbine Service Technicians,49,"48,320",detail
49-9090,"Miscellaneous Installation, Maintenance, and Repair Workers",49,"34,690",detail
49-9091,"Coin, Vending, and Amusement Machine Servicers and Repairers",49,"32,700",detail
49-9092,Commercial Divers,49,"54,750",detail
49-9093,"Fabric Menders, Except Garment",49,"28,540",detail
49-9094,Locksmiths and Safe Repairers,49,"39,160",detail
49-9095,Manufactured Building and Mobile Home Installers,49,"30,160",detail
49-9096,Riggers,49,"44,590",detail
49-9097,Signal and Track Switch Repairers,49,"55,390",detail
49-9098,"Helpers--Installation, Maintenance, and Repair Workers",49,"26,780",detail
49-9099,"Installation, Maintenance, and Repair Workers, All Other",49,"39,410",detail
51-0000,Production Occupations,51,"34,500",major
51-1000,Supervisors of Production Workers,51,"57,420",detail
51-1010,First-Line Supervisors of Production and Operating Workers,51,"57,420",detail
51-2000,Assemblers and Fabricators,51,"30,970",detail
51-2010,"Aircraft Structure, Surfaces, Rigging, and Systems Assemblers",51,"48,520",detail
51-2020,"Electrical, Electronics, and Electromechanical Assemblers",51,"31,400",detail
51-2021,"Coil Winders, Tapers, and Finishers",51,"32,000",detail
51-2022,Electrical and Electronic Equipment Assemblers,51,"30,970",detail
51-2023,Electromechanical Equipment Assemblers,51,"32,950",detail
51-2030,Engine and Other Machine Assemblers,51,"37,730",detail
51-2040,Structural Metal Fabricators and Fitters,51,"37,260",detail
51-2090,Miscellaneous Assemblers and Fabricators,51,"29,730",detail
51-2091,Fiberglass Laminators and Fabricators,51,"29,960",detail
51-2092,Team Assemblers,51,"29,910",detail
51-2093,Timing Device Assemblers and Adjusters,51,"29,080",detail
51-2099,"Assemblers and Fabricators, All Other",51,"29,070",detail
51-3000,Food Processing Workers,51,"26,380",detail
51-3010,Bakers,51,"25,060",detail
51-3020,"Butchers and Other Meat, Poultry, and Fish Processing Workers",51,"26,230",detail
51-3021,Butchers and Meat Cutters,51,"30,000",detail
51-3022,"Meat, Poultry, and Fish Cutters and Trimmers",51,"23,690",detail
51-3023,Slaughterers and Meat Packers,51,"24,930",detail
51-3090,Miscellaneous Food Processing Workers,51,"27,750",detail
51-3091,"Food and Tobacco Roasting, Baking, and Drying Machine Operators and Tenders",51,"29,580",detail
51-3092,Food Batchmakers,51,"28,340",detail
51-3093,Food Cooking Machine Operators and Tenders,51,"28,090",detail
51-3099,"Food Processing Workers, All Other",51,"24,880",detail
51-4000,Metal Workers and Plastic Workers,51,"37,190",detail
51-4010,Computer Control Programmers and Operators,51,"38,550",detail
51-4011,"Computer-Controlled Machine Tool Operators, Metal and Plastic",51,"36,810",detail
51-4012,"Computer Numerically Controlled Machine Tool Programmers, Metal and Plastic",51,"48,640",detail
51-4020,"Forming Machine Setters, Operators, and Tenders, Metal and Plastic",51,"35,300",detail
51-4021,"Extruding and Drawing Machine Setters, Operators, and Tenders, Metal and Plastic",51,"34,060",detail
51-4022,"Forging Machine Setters, Operators, and Tenders, Metal and Plastic",51,"34,830",detail
51-4023,"Rolling Machine Setters, Operators, and Tenders, Metal and Plastic",51,"38,160",detail
51-4030,"Machine Tool Cutting Setters, Operators, and Tenders, Metal and Plastic",51,"32,980",detail
51-4031,"Cutting, Punching, and Press Machine Setters, Operators, and Tenders, Metal and Plastic",51,"31,090",detail
51-4032,"Drilling and Boring Machine Tool Setters, Operators, and Tenders, Metal and Plastic",51,"36,020",detail
51-4033,"Grinding, Lapping, Polishing, and Buffing Machine Tool Setters, Operators, and Tenders, Metal and Plastic",51,"33,070",detail
51-4034,"Lathe and Turning Machine Tool Setters, Operators, and Tenders, Metal and Plastic",51,"37,600",detail
51-4035,"Milling and Planing Machine Setters, Operators, and Tenders, Metal and Plastic",51,"37,460",detail
51-4040,Machinists,51,"40,860",detail
51-4050,"Metal Furnace Operators, Tenders, Pourers, and Casters",51,"38,590",detail
51-4051,Metal-Refining Furnace Operators and Tenders,51,"40,060",detail
51-4052,"Pourers and Casters, Metal",51,"35,750",detail
51-4060,"Model Makers and Patternmakers, Metal and Plastic",51,"45,470",detail
51-4061,"Model Makers, Metal and Plastic",51,"46,970",detail
51-4062,"Patternmakers, Metal and Plastic",51,"43,400",detail
51-4070,"Molders and Molding Machine Setters, Operators, and Tenders, Metal and Plastic",51,"30,510",detail
51-4071,Foundry Mold and Coremakers,51,"31,600",detail
51-4072,"Molding, Coremaking, and Casting Machine Setters, Operators, and Tenders, Metal and Plastic",51,"30,400",detail
51-4080,"Multiple Machine Tool Setters, Operators, and Tenders, Metal and Plastic",51,"35,060",detail
51-4110,Tool and Die Makers,51,"48,490",detail
51-4120,"Welding, Soldering, and Brazing Workers",51,"38,100",detail
51-4121,"Welders, Cutters, Solderers, and Brazers",51,"38,410",detail
51-4122,"Welding, Soldering, and Brazing Machine Setters, Operators, and Tenders",51,"36,060",detail
51-4190,Miscellaneous Metal Workers and Plastic Workers,51,"34,820",detail
51-4191,"Heat Treating Equipment Setters, Operators, and Tenders, Metal and Plastic",51,"35,380",detail
51-4192,"Layout Workers, Metal and Plastic",51,"42,330",detail
51-4193,"Plating and Coating Machine Setters, Operators, and Tenders, Metal and Plastic",51,"31,830",detail
51-4194,"Tool Grinders, Filers, and Sharpeners",51,"35,560",detail
51-4199,"Metal Workers and Plastic Workers, All Other",51,"34,280",detail
51-5100,Printing Workers,51,"35,640",detail
51-5111,Prepress Technicians and Workers,51,"39,020",detail
51-5112,Printing Press Operators,51,"36,090",detail
51-5113,Print Binding and Finishing Workers,51,"31,560",detail
51-6000,"Textile, Apparel, and Furnishings Workers",51,"24,170",detail
51-6010,Laundry and Dry-Cleaning Workers,51,"21,540",detail
51-6020,"Pressers, Textile, Garment, and Related Materials",51,"20,730",detail
51-6030,Sewing Machine Operators,51,"23,110",detail
51-6040,Shoe and Leather Workers,51,"25,880",detail
51-6041,Shoe and Leather Workers and Repairers,51,"26,050",detail
51-6042,Shoe Machine Operators and Tenders,51,"25,600",detail
51-6050,"Tailors, Dressmakers, and Sewers",51,"28,480",detail
51-6051,"Sewers, Hand",51,"25,390",detail
51-6052,"Tailors, Dressmakers, and Custom Sewers",51,"29,170",detail
51-6060,"Textile Machine Setters, Operators, and Tenders",51,"26,080",detail
51-6061,Textile Bleaching and Dyeing Machine Operators and Tenders,51,"25,520",detail
51-6062,"Textile Cutting Machine Setters, Operators, and Tenders",51,"25,460",detail
51-6063,"Textile Knitting and Weaving Machine Setters, Operators, and Tenders",51,"26,950",detail
51-6064,"Textile Winding, Twisting, and Drawing Out Machine Setters, Operators, and Tenders",51,"26,010",detail
51-6090,"Miscellaneous Textile, Apparel, and Furnishings Workers",51,"32,710",detail
51-6091,"Extruding and Forming Machine Setters, Operators, and Tenders, Synthetic and Glass Fibers",51,"32,750",detail
51-6092,Fabric and Apparel Patternmakers,51,"44,790",detail
51-6093,Upholsterers,51,"31,750",detail
51-6099,"Textile, Apparel, and Furnishings Workers, All Other",51,"28,970",detail
51-7000,Woodworkers,51,"30,140",detail
51-7010,Cabinetmakers and Bench Carpenters,51,"32,940",detail
51-7020,Furniture Finishers,51,"29,900",detail
51-7030,"Model Makers and Patternmakers, Wood",51,"35,250",detail
51-7031,"Model Makers, Wood",51,"31,740",detail
51-7032,"Patternmakers, Wood",51,"41,030",detail
51-7040,"Woodworking Machine Setters, Operators, and Tenders",51,"27,870",detail
51-7041,"Sawing Machine Setters, Operators, and Tenders, Wood",51,"27,520",detail
51-7042,"Woodworking Machine Setters, Operators, and Tenders, Except Sawing",51,"28,100",detail
51-7090,Miscellaneous Woodworkers,51,"30,150",detail
51-7099,"Woodworkers, All Other",51,"30,150",detail
51-8000,Plant and System Operators,51,"54,690",detail
51-8010,"Power Plant Operators, Distributors, and Dispatchers",51,"68,050",detail
51-8011,Nuclear Power Reactor Operators,51,"76,020",detail
51-8012,Power Distributors and Dispatchers,51,"73,710",detail
51-8013,Power Plant Operators,51,"65,080",detail
51-8020,Stationary Engineers and Boiler Operators,51,"54,860",detail
51-8030,Water and Wastewater Treatment Plant and System Operators,51,"44,630",detail
51-8090,Miscellaneous Plant and System Operators,51,"57,430",detail
51-8091,Chemical Plant and System Operators,51,"54,150",detail
51-8092,Gas Plant Operators,51,"61,090",detail
51-8093,"Petroleum Pump System Operators, Refinery Operators, and Gaugers",51,"60,730",detail
51-8099,"Plant and System Operators, All Other",51,"52,660",detail
51-9000,Other Production Occupations,51,"32,100",detail
51-9010,"Chemical Processing Machine Setters, Operators, and Tenders",51,"44,720",detail
51-9011,Chemical Equipment Operators and Tenders,51,"47,950",detail
51-9012,"Separating, Filtering, Clarifying, Precipitating, and Still Machine Setters, Operators, and Tenders",51,"40,340",detail
51-9020,"Crushing, Grinding, Polishing, Mixing, and Blending Workers",51,"33,870",detail
51-9021,"Crushing, Grinding, and Polishing Machine Setters, Operators, and Tenders",51,"33,340",detail
51-9022,"Grinding and Polishing Workers, Hand",51,"29,250",detail
51-9023,"Mixing and Blending Machine Setters, Operators, and Tenders",51,"35,200",detail
51-9030,Cutting Workers,51,"31,230",detail
51-9031,"Cutters and Trimmers, Hand",51,"26,650",detail
51-9032,"Cutting and Slicing Machine Setters, Operators, and Tenders",51,"32,340",detail
51-9040,"Extruding, Forming, Pressing, and Compacting Machine Setters, Operators, and Tenders",51,"32,880",detail
51-9050,"Furnace, Kiln, Oven, Drier, and Kettle Operators and Tenders",51,"37,080",detail
51-9060,"Inspectors, Testers, Sorters, Samplers, and Weighers",51,"37,240",detail
51-9070,Jewelers and Precious Stone and Metal Workers,51,"38,840",detail
51-9080,"Medical, Dental, and Ophthalmic Laboratory Technicians",51,"35,600",detail
51-9081,Dental Laboratory Technicians,51,"39,320",detail
51-9082,Medical Appliance Technicians,51,"38,200",detail
51-9083,Ophthalmic Laboratory Technicians,51,"29,850",detail
51-9110,Packaging and Filling Machine Operators and Tenders,51,"28,160",detail
51-9120,Painting Workers,51,"35,380",detail
51-9121,"Coating, Painting, and Spraying Machine Setters, Operators, and Tenders",51,"31,870",detail
51-9122,"Painters, Transportation Equipment",51,"43,600",detail
51-9123,"Painting, Coating, and Decorating Workers",51,"29,270",detail
51-9140,Semiconductor Processors,51,"34,780",detail
51-9150,Photographic Process Workers and Processing Machine Operators,51,"26,140",detail
51-9151,Photographic Process Workers and Processing Machine Operators,51,"26,140",detail
51-9190,Miscellaneous Production Workers,51,"28,270",detail
51-9191,Adhesive Bonding Machine Operators and Tenders,51,"31,780",detail
51-9192,"Cleaning, Washing, and Metal Pickling Equipment Operators and Tenders",51,"28,280",detail
51-9193,Cooling and Freezing Equipment Operators and Tenders,51,"30,020",detail
51-9194,Etchers and Engravers,51,"30,230",detail
51-9195,"Molders, Shapers, and Casters, Except Metal and Plastic",51,"30,770",detail
51-9196,"Paper Goods Machine Setters, Operators, and Tenders",51,"35,660",detail
51-9197,Tire Builders,51,"39,340",detail
51-9198,Helpers--Production Workers,51,"24,620",detail
51-9199,"Production Workers, All Other",51,"30,380",detail
53-0000,Transportation and Material Moving Occupations,53,"33,590",major
53-1000,Supervisors of Transportation and Material Moving Workers,53,"51,620",detail
53-1010,Aircraft Cargo Handling Supervisors,53,"50,830",detail
53-1020,"First-Line Supervisors of Helpers, Laborers, and Material Movers, Hand",53,"47,180",detail
53-1030,First-Line Supervisors of Transportation and Material-Moving Machine and Vehicle Operators,53,"55,430",detail
53-2000,Air Transportation Workers,53,"83,340",detail
53-2010,Aircraft Pilots and Flight Engineers,53,"111,960",detail
53-2011,"Airline Pilots, Copilots, and Flight Engineers",53,"128,760",detail
53-2012,Commercial Pilots,53,"80,140",detail
53-2020,Air Traffic Controllers and Airfield Operations Specialists,53,"102,670",detail
53-2021,Air Traffic Controllers,53,"118,430",detail
53-2022,Airfield Operations Specialists,53,"50,270",detail
53-2030,Flight Attendants,53,"42,340",detail
53-3000,Motor Vehicle Operators,53,"35,090",detail
53-3010,"Ambulance Drivers and Attendants, Except Emergency Medical Technicians",53,"24,900",detail
53-3020,Bus Drivers,53,"31,480",detail
53-3021,"Bus Drivers, Transit and Intercity",53,"38,470",detail
53-3022,"Bus Drivers, School or Special Client",53,"29,150",detail
53-3030,Driver/Sales Workers and Truck Drivers,53,"36,710",detail
53-3031,Driver/Sales Workers,53,"27,730",detail
53-3032,Heavy and Tractor-Trailer Truck Drivers,53,"40,360",detail
53-3033,Light Truck or Delivery Services Drivers,53,"33,940",detail
53-3040,Taxi Drivers and Chauffeurs,53,"25,140",detail
53-3090,Miscellaneous Motor Vehicle Operators,53,"31,510",detail
53-3099,"Motor Vehicle Operators, All Other",53,"31,510",detail
53-4000,Rail Transportation Workers,53,"54,280",detail
53-4010,Locomotive Engineers and Operators,53,"53,260",detail
53-4011,Locomotive Engineers,53,"54,830",detail
53-4012,Locomotive Firers,53,"48,550",detail
53-4013,"Rail Yard Engineers, Dinkey Operators, and Hostlers",53,"43,450",detail
53-4020,"Railroad Brake, Signal, and Switch Operators",53,"50,260",detail
53-4030,Railroad Conductors and Yardmasters,53,"56,770",detail
53-4040,Subway and Streetcar Operators,53,"58,220",detail
53-4090,Miscellaneous Rail Transportation Workers,53,"54,930",detail
53-4099,"Rail Transportation Workers, All Other",53,"54,930",detail
53-5000,Water Transportation Workers,53,"58,530",detail
53-5010,Sailors and Marine Oilers,53,"39,760",detail
53-5020,Ship and Boat Captains and Operators,53,"70,610",detail
53-5021,"Captains, Mates, and Pilots of Water Vessels",53,"73,760",detail
53-5022,Motorboat Operators,53,"38,560",detail
53-5030,Ship Engineers,53,"75,480",detail
53-6000,Other Transportation Workers,53,"27,090",detail
53-6010,Bridge and Lock Tenders,53,"43,300",detail
53-6020,Parking Lot Attendants,53,"21,540",detail
53-6030,Automotive and Watercraft Service Attendants,53,"21,600",detail
53-6040,Traffic Technicians,53,"42,480",detail
53-6050,Transportation Inspectors,53,"66,470",detail
53-6060,"Transportation Attendants, Except Flight Attendants",53,"23,960",detail
53-6090,Miscellaneous Transportation Workers,53,"34,330",detail
53-6099,"Transportation Workers, All Other",53,"34,330",detail
53-7000,Material Moving Workers,53,"27,350",detail
53-7010,Conveyor Operators and Tenders,53,"31,360",detail
53-7020,Crane and Tower Operators,53,"50,610",detail
53-7030,"Dredge, Excavating, and Loading Machine Operators",53,"42,260",detail
53-7031,Dredge Operators,53,"43,120",detail
53-7032,Excavating and Loading Machine and Dragline Operators,53,"41,850",detail
53-7033,"Loading Machine Operators, Underground Mining",53,"48,060",detail
53-7040,Hoist and Winch Operators,53,"47,710",detail
53-7050,Industrial Truck and Tractor Operators,53,"32,090",detail
53-7060,"Laborers and Material Movers, Hand",53,"25,310",detail
53-7061,Cleaners of Vehicles and Equipment,53,"22,620",detail
53-7062,"Laborers and Freight, Stock, and Material Movers, Hand",53,"26,410",detail
53-7063,Machine Feeders and Offbearers,53,"28,680",detail
53-7064,"Packers and Packagers, Hand",53,"22,470",detail
53-7070,Pumping Station Operators,53,"47,520",detail
53-7071,Gas Compressor and Gas Pumping Station Operators,53,"51,840",detail
53-7072,"Pump Operators, Except Wellhead Pumpers",53,"47,590",detail
53-7073,Wellhead Pumpers,53,"46,140",detail
53-7080,Refuse and Recyclable Material Collectors,53,"35,230",detail
53-7110,Mine Shuttle Car Operators,53,"51,310",detail
53-7120,"Tank Car, Truck, and Ship Loaders",53,"46,400",detail
53-7190,Miscellaneous Material Moving Workers,53,"41,040",detail
53-7199,"Material Moving Workers, All Other",53,"41,040",detail
